M46X,2014
M35A,2014
M35B,2014
M35C,2014
M58A,2014
M27A,2014
M29A,2014
M51A,2014
M54A,2014
M34X,2014
M37X,2014
M36X,2014
M38X,2014
M44X,2014
M02R,2014
M65R,2014
M05R,2014
M63R,2014
M66A,2014
A18A,2014
Y46A,2014
L45A,2014
M66B,2014
M66I,2014
M52A,2014
A12A,2014
A14A,2014
A11A,2014
M41C,2014
M41D,2014
M82A,2014
M81H,2014
M81J,2014
M94A,2014
M95A,2014
M81K,2014
M81N,2014
M87A,2014
M74A,2014
M83A,2014
M85A,2014
M21A,2014
M25A,2014
M91A,2014
M70A,2014
M70B,2014
A25A,2014
M76A,2014
A22A,2014
A19A,2014
M93A,2014
M79A,2014
M84A,2014
A23A,2014
M42J,2014
M42K,2014
M42L,2014
M42N,2014
M42P,2014
M50B,2014
M50C,2014
M45A,2014
M20X,2014
A33A,2014
A33B,2014
A53A,2014
M57B,2014
M57C,2014
M57D,2014
M57E,2014
M53A,2014
M59A,2014
A54A,2014
K51A,2014
M23A,2014
M23B,2014
M68A,2014
M99A,2014
M67B,2014
M67E,2014
M60N,2014
M60P,2014
M60Q,2014
M40A,2014
M40B,2014
M11R,2014
M22X,2014
A13A,2014
A17A,2014
A15A,2014
M01A,2014
M04A,2014
M26A,2014
M26D,2014
M26J,2014
M26M,2014
M26R,2014
M75A,2014
L49A,2014
M26W,2014
A21A,2014
M71A,2014
M14A,2014
M12A,2014
M55A,2014
A85A,2014
M39A,2014
M39B,2014
A37A,2014
M90A,2014
M16J,2014
M16K,2014
M17J,2014
M86A,2014
M96A,2014
M97A,2014
M49X,2014
M47A,2014
M06A,2014
M07A,2014
M88A,2014
A24A,2014
M32A,2014
M30A,2014
M31A,2014
M33A,2014
M19B,2014
M19C,2014
M19J,2014
M19K,2014
M62A,2014
X11X,2014
Y72A,2014
Y72B,2014
Y23A,2014
Y32A,2014
X47A,2014
X44X,2014
X96A,2014
X96B,2014
X14J,2014
X70A,2014
X70J,2014
Y51A,2014
Y51B,2014
Y49A,2014
X49B,2014
X31A,2014
X27A,2014
X69C,2014
X69D,2014
X69P,2014
X71A,2014
Y28A,2014
Y01T,2014
X98A,2014
X97A,2014
X72A,2014
Y22A,2014
Y37A,2014
Y34A,2014
X16A,2014
X16B,2014
X16Z,2014
Y47A,2014
X32A,2014
X65R,2014
X94A,2014
Y58A,2014
Y58B,2014
Y59A,2014
Y61A,2014
X58X,2014
X99X,2014
Y29A,2014
X03R,2014
X04R,2014
X05R,2014
X07R,2014
X06R,2014
X81X,2014
Y36A,2014
Y27A,2014
Y21A,2014
Y31B,2014
X34A,2014
Y31C,2014
Y31D,2014
X36A,2014
X46A,2014
X55A,2014
X56A,2014
X95A,2014
X95B,2014
X63X,2014
X73A,2014
X41A,2014
Y64A,2014
X80A,2014
X61X,2014
X20R,2014
X62X,2014
X59X,2014
X86R,2014
X28A,2014
Y24A,2014
X78A,2014
X42A,2014
X51A,2014
X52A,2014
X53A,2014
X10A,2014
X10E,2014
X10J,2014
X33A,2014
X33B,2014
X33M,2014
X43A,2014
X43B,2014
Y53A,2014
Y56A,2014
X38A,2014
X38B,2014
X39A,2014
Y65A,2014
X88X,2014
X76X,2014
X64X,2014
X02R,2014
X01X,2014
X29J,2014
X22A,2014
X17B,2014
X35A,2014
X35B,2014
X25B,2014
X25C,2014
X25D,2014
X25E,2014
X25F,2014
X25H,2014
X25Z,2014
Y52A,2014
X87R,2014
X85R,2014
X45A,2014
X48A,2014
X48B,2014
X30A,2014
Y45A,2014
X77R,2014
X08R,2014
Y35A,2014
X83X,2014
X84X,2014
Y38A,2014
Y26A,2014
Y42A,2014
Y43A,2014
Y54A,2014
Y55A,2014
X91A,2014
X93A,2014
X93P,2014
X75A,2014
K42A,2014
K42B,2014
K42C,2014
K42D,2014
K42E,2014
L02R,2014
L25A,2014
K78A,2014
K78B,2014
K78C,2014
K78D,2014
K53A,2014
K08X,2014
K85A,2014
K85D,2014
L54A,2014
K95A,2014
K95B,2014
K70C,2014
K70D,2014
K70E,2014
K70I,2014
K71B,2014
K71E,2014
K71J,2014
K71K,2014
L59A,2014
K11A,2014
K11B,2014
K11C,2014
K11X,2014
K18R,2014
L27A,2014
K87A,2014
K87G,2014
K87H,2014
K87I,2014
K86A,2014
K86B,2014
K88A,2014
K88B,2014
K88C,2014
K07X,2014
K09X,2014
K39X,2014
L39A,2014
K60J,2014
K60L,2014
K60R,2014
K60S,2014
L66A,2014
L47A,2014
K75A,2014
L69A,2014
K79A,2014
K03R,2014
K22A,2014
K29A,2014
K27A,2014
K21A,2014
K21B,2014
K91A,2014
K91B,2014
L61A,2014
K47J,2014
K47K,2014
K47L,2014
K47M,2014
K06C,2014
K30X,2014
K47R,2014
L58A,2014
L63A,2014
K33R,2014
K10E,2014
K10S,2014
K10Z,2014
K49B,2014
K49D,2014
L35A,2014
L57A,2014
L67A,2014
L21A,2014
L24A,2014
K98X,2014
K32A,2014
K32P,2014
K04X,2014
K01J,2014
K01X,2014
K06B,2014
L48A,2014
K14A,2014
K64A,2014
K64B,2014
K64C,2014
K41A,2014
K48A,2014
K77A,2014
K77B,2014
K50A,2014
K50B,2014
K50C,2014
K50J,2014
L17A,2014
L64A,2014
L36A,2014
L32A,2014
L33A,2014
L37A,2014
L41A,2014
L31A,2014
L44A,2014
L50A,2014
L22A,2014
K45A,2014
K62X,2014
K63X,2014
K61D,2014
K61M,2014
K61T,2014
K65A,2014
K65X,2014
L40A,2014
K69K,2014
K69L,2014
K69M,2014
K69N,2014
K69P,2014
K69R,2014
L51A,2014
L46A,2014
L56A,2014
K68A,2014
K68C,2014
K68J,2014
L53A,2014
K28A,2014
K28B,2014
K28C,2014
K28D,2014
K28H,2014
K28M,2014
K28N,2014
K28Z,2014
K59A,2014
K17H,2014
K17J,2014
K17R,2014
K17S,2014
K17Z,2014
K16A,2014
K16C,2014
K16D,2014
K16Z,2014
L62A,2014
K38R,2014
L01R,2014
K97R,2014
K24A,2014
K24B,2014
K24J,2014
K24L,2014
K24M,2014
K24Z,2014
L55A,2014
K57A,2014
K57B,2014
K57C,2014
K57J,2014
K57K,2014
K67E,2014
Q85A,2014
K57L,2014
K57P,2014
K56A,2014
K56B,2014
K56D,2014
K56J,2014
K56L,2014
K56M,2014
K56S,2014
K56T,2014
L38A,2014
L34A,2014
K67A,2014
K67H,2014
K67M,2014
K67N,2014
K67Q,2014
K67R,2014
K90H,2014
K90J,2014
K90K,2014
K26H,2014
K26J,2014
K26K,2014
K26L,2014
K25B,2014
K25D,2014
K25Z,2014
K76A,2014
K84X,2014
K93X,2014
K80X,2014
L65A,2014
K20A,2014
K20B,2014
Q08R,2014
Q07R,2014
Q76A,2014
Q03A,2014
Q74B,2014
Q34A,2014
Q34J,2014
Q34K,2014
Q34Z,2014
Q23A,2014
Q23B,2014
Q23H,2014
Q23J,2014
Q23S,2014
Q23Z,2014
Q30J,2014
Q27J,2014
Q99A,2014
Q31J,2014
Q31K,2014
Q47A,2014
Q68A,2014
Q68B,2014
Q68C,2014
Q68L,2014
Q68M,2014
Q68N,2014
Q68O,2014
Q60A,2014
Q60Q,2014
Q77A,2014
Q25X,2014
Q82A,2014
Q85F,2014
Q14A,2014
Q14B,2014
Q14H,2014
Q14Z,2014
Q18A,2014
Q18B,2014
Q18C,2014
Q18Z,2014
Q37J,2014
Q70A,2014
Q16A,2014
Q16B,2014
Q16J,2014
Q16K,2014
Q16Z,2014
Q20A,2014
Q20J,2014
Q20K,2014
Q20Z,2014
Q38K,2014
Q38L,2014
Q38M,2014
Q38N,2014
Q38Z,2014
Q12A,2014
Q50H,2014
Q50J,2014
Q12B,2014
Q12C,2014
Q12D,2014
Q12E,2014
Q12F,2014
Q35B,2014
Q12G,2014
Q12Z,2014
Q32A,2014
Q75X,2014
Q97X,2014
Q06A,2014
Q06B,2014
Q06C,2014
Q02A,2014
Q11A,2014
Q72A,2014
Q36A,2014
Q36G,2014
Q48A,2014
Q50A,2014
Q50B,2014
Q50C,2014
Q35P,2014
Q35Z,2014
Q10A,2014
Q10B,2014
Q10C,2014
Q10D,2014
Q10E,2014
Q10F,2014
Q10G,2014
Q10Z,2014
Q83A,2014
Q83B,2014
Q83C,2014
Q49A,2014
Q43A,2014
Q05A,2014
Q46A,2014
Q33A,2014
Q26G,2014
Q55A,2014
Q19J,2014
Q19M,2014
Q19N,2014
Q19P,2014
Q19Z,2014
Q24A,2014
Q24B,2014
Q24H,2014
Q24J,2014
Q24L,2014
Q24P,2014
R15J,2014
Q24T,2014
Q24Z,2014
Q67I,2014
Q67K,2014
Q67M,2014
Q67N,2014
Q67P,2014
Q67S,2014
Q67V,2014
Q57A,2014
Q39Z,2014
Q21A,2014
Q89A,2014
Q04R,2014
Q09R,2014
Q42X,2014
Q45A,2014
Q45C,2014
Q84A,2014
Q44A,2014
Q92A,2014
Q53A,2014
Q53J,2014
Q56A,2014
Q01A,2014
Q15A,2014
Q15J,2014
Q15Z,2014
Q29H,2014
Q29J,2014
Q29K,2014
Q29L,2014
Q29Z,2014
Q40F,2014
R15K,2014
R20A,2014
Q40J,2014
Q40K,2014
Q40L,2014
Q40M,2014
Q40N,2014
Q22A,2014
Q98A,2014
Q71A,2014
Q71B,2014
Q41A,2014
R01R,2014
R55A,2014
R20C,2014
R20E,2014
R20F,2014
R20M,2014
R20P,2014
R20S,2014
R20T,2014
R20Z,2014
R10A,2014
R10C,2014
R10D,2014
R10K,2014
R10L,2014
R10M,2014
R10R,2014
R10S,2014
R10Z,2014
R19A,2014
R19B,2014
R19C,2014
R19D,2014
R19E,2014
R19F,2014
R19G,2014
R19H,2014
R19J,2014
R19Z,2014
R30B,2014
R30C,2014
R30S,2014
R30Z,2014
R17A,2014
R17C,2014
R17D,2014
R17F,2014
R17G,2014
R17H,2014
R17J,2014
R17Z,2014
R60A,2014
R60H,2014
R60I,2014
R60K,2014
R60P,2014
R60R,2014
L68A,2014
L23A,2014
K73A,2014
K54A,2014
K52A,2014
K55C,2014
K36A,2014
M18A,2014
M28A,2014
M48A,2014
X18A,2014
X19A,2014
X24A,2014
X37A,2014
X26A,2014
X57A,2014
X89A,2014
K05A,2014
Q61A,2014
Q59A,2014
Q63A,2014
Q62A,2014
Q51A,2014
,2014
,2014
,2014
,2014
,2014
,2014
,2014
,2014
,2014
,2014
,2014
,2014
,2014
,2014
Q45C,2015
Q47A,2015
X57A,2015
Y22A,2015
Q16B,2015
Y51B,2015
X24A,2015
Q18Z,2015
Q19Z,2015
A12A,2015
A14A,2015
X97A,2015
A54A,2015
K51A,2015
A22A,2015
Q10Z,2015
M53A,2015
M46X,2015
M35C,2015
M35A,2015
M35B,2015
M58A,2015
M27A,2015
M29A,2015
M51A,2015
M54A,2015
M28A,2015
M18A,2015
Y37A,2015
M64A,2015
M73A,2015
M61A,2015
M34X,2015
M37X,2015
M36X,2015
M38X,2015
M44X,2015
M02R,2015
M65R,2015
M05R,2015
M63R,2015
M66I,2015
M66A,2015
M66B,2015
M52A,2015
A11A,2015
M41D,2015
M41C,2015
Y34A,2015
M82A,2015
M70B,2015
A25A,2015
M76A,2015
M81H,2015
M81J,2015
M23B,2015
M81K,2015
M81N,2015
M87A,2015
M74A,2015
M67E,2015
X71A,2015
M83A,2015
Y01T,2015
X69D,2015
M85A,2015
M21A,2015
M25A,2015
M91A,2015
M70A,2015
A19A,2015
A18A,2015
Y49A,2015
Y46A,2015
M94A,2015
M95A,2015
M93A,2015
X49H,2015
X31A,2015
Q29Z,2015
NO CODE,2015
M79A,2015
M84A,2015
A23A,2015
M42J,2015
M42K,2015
M42L,2015
M59A,2015
M42N,2015
M42P,2015
M50C,2015
M50B,2015
M45A,2015
X27A,2015
Y28A,2015
M55A,2015
M20X,2015
A33A,2015
A33B,2015
A53A,2015
M57B,2015
M57C,2015
M57D,2015
M57E,2015
M23A,2015
M68A,2015
M99A,2015
M67B,2015
M60N,2015
M60P,2015
M60Q,2015
M40A,2015
M40B,2015
M11R,2015
M22X,2015
A13A,2015
A17A,2015
M01A,2015
M26A,2015
M26D,2015
M26J,2015
M26M,2015
M26R,2015
M26W,2015
M12A,2015
A21A,2015
X69C,2015
M71A,2015
NO CODE,2015
NO CODE,2015
NO CODE,2015
NO CODE,2015
NO CODE,2015
A15A,2015
NO CODE,2015
M14A,2015
M12B,2015
X72A,2015
A85A,2015
M39A,2015
M39B,2015
A37A,2015
M90A,2015
M16J,2015
M16K,2015
M17J,2015
M86A,2015
M96A,2015
M97A,2015
M48A,2015
M49X,2015
M04A,2015
X49C,2015
M31A,2015
M33A,2015
X07R,2015
X06R,2015
M75B,2015
M19J,2015
X69E,2015
M75C,2015
M47A,2015
NO CODE,2015
A16A,2015
M06A,2015
M07A,2015
M88A,2015
A24A,2015
M32A,2015
M30A,2015
M19C,2015
X49D,2015
X26A,2015
M19K,2015
M19B,2015
M62A,2015
X11X,2015
Y72A,2015
Y72B,2015
X37A,2015
Y23A,2015
X47A,2015
X44X,2015
X69B,2015
X96A,2015
X14J,2015
X70A,2015
Y51A,2015
X49E,2015
X98A,2015
X16B,2015
X16A,2015
X16Z,2015
Y47A,2015
X32A,2015
X65A,2015
X65R,2015
X94A,2015
Y58B,2015
Y58A,2015
Y59A,2015
Y61A,2015
X58X,2015
X99X,2015
Y29A,2015
X03R,2015
X04R,2015
X05R,2015
X81X,2015
Y36A,2015
Y27A,2015
Y21A,2015
X13A,2015
Y31B,2015
Y31C,2015
X43A,2015
Y31D,2015
X36A,2015
X46A,2015
X55A,2015
X56A,2015
X95A,2015
X95B,2015
X63X,2015
X73A,2015
X41A,2015
X78A,2015
Y64A,2015
X80A,2015
X61X,2015
X29J,2015
X20A,2015
X20B,2015
NO CODE,2015
X20C,2015
X62X,2015
X59X,2015
X18A,2015
X86R,2015
X28A,2015
Y24A,2015
X19A,2015
X89A,2015
X76X,2015
Y32A,2015
X34A,2015
X22A,2015
X42A,2015
X10L,2015
X33A,2015
Q84A,2015
X51A,2015
X52A,2015
X53B,2015
NO CODE,2015
X88X,2015
X64X,2015
X53C,2015
X10J,2015
X10A,2015
X10H,2015
X10K,2015
X33B,2015
X33M,2015
X25C,2015
X43B,2015
Y56A,2015
X38A,2015
X38B,2015
X39A,2015
Y65A,2015
X02R,2015
X01X,2015
X17B,2015
X35A,2015
X35B,2015
X25F,2015
Q42X,2015
X25H,2015
X25B,2015
X25D,2015
X25E,2015
X25Z,2015
Y53A,2015
Y52A,2015
X87R,2015
X85R,2015
X45A,2015
X48A,2015
X48B,2015
X30A,2015
Y45A,2015
X77R,2015
X08R,2015
Y35A,2015
X83X,2015
X84X,2015
Y38A,2015
Y26A,2015
K78D,2015
Y42A,2015
Y43A,2015
Y54A,2015
Y55A,2015
K08X,2015
X09X,2015
X91A,2015
X93A,2015
X93P,2015
X75A,2015
K42A,2015
K60J,2015
K42B,2015
K42C,2015
K42D,2015
K42E,2015
L02R,2015
L25A,2015
K78B,2015
K78C,2015
NO CODE,2015
K53A,2015
K85A,2015
K85D,2015
L54A,2015
K95A,2015
K95B,2015
K60L,2015
L61A,2015
L21A,2015
K70C,2015
K70E,2015
K70I,2015
K70D,2015
K71J,2015
K71K,2015
K71B,2015
L37A,2015
K71E,2015
L59A,2015
K11A,2015
K11B,2015
K11C,2015
K11X,2015
K18R,2015
NO CODE,2015
K60R,2015
L27B,2015
L69A,2015
L27C,2015
K87A,2015
K87G,2015
K87H,2015
K87I,2015
K86A,2015
K86B,2015
K88C,2015
K88A,2015
K88B,2015
K88D,2015
K07X,2015
K09X,2015
K39X,2015
L39A,2015
L24A,2015
L67A,2015
K60S,2015
L66A,2015
L47A,2015
K75A,2015
K79A,2015
K03R,2015
K22A,2015
K29A,2015
L41A,2015
L31A,2015
K27A,2015
K21B,2015
K21A,2015
L57A,2015
K91A,2015
K91B,2015
K47J,2015
K47K,2015
K47L,2015
K47M,2015
K47R,2015
L58A,2015
L63A,2015
K33R,2015
L48A,2015
Q45A,2015
K10E,2015
K10S,2015
K10Z,2015
K49B,2015
K49D,2015
L35A,2015
K15A,2015
K98X,2015
K32A,2015
K32P,2015
K04X,2015
K01J,2015
K01X,2015
K06B,2015
K06C,2015
K30X,2015
K14A,2015
K64A,2015
K64B,2015
K64C,2015
K41A,2015
L22A,2015
L51A,2015
L46A,2015
K45A,2015
K62X,2015
K48A,2015
K77A,2015
K67M,2015
K77B,2015
K50J,2015
K50A,2015
K50B,2015
K50C,2015
L17A,2015
L64A,2015
L36A,2015
L32A,2015
L33A,2015
L45A,2015
L45B,2015
L49A,2015
L44A,2015
L50A,2015
K31A,2015
K63X,2015
K61D,2015
K67E,2015
K61M,2015
K61T,2015
K65A,2015
K65X,2015
L40A,2015
K69K,2015
K69L,2015
Q34A,2015
K69M,2015
K69N,2015
K69P,2015
K69R,2015
L56A,2015
K68A,2015
K68C,2015
K68J,2015
L53A,2015
L53B,2015
K19A,2015
K28H,2015
K28A,2015
K28B,2015
K28C,2015
K28D,2015
K28M,2015
K28N,2015
K28Z,2015
K59A,2015
K17H,2015
L55A,2015
K17J,2015
K17R,2015
K67H,2015
K17S,2015
K17Z,2015
K16A,2015
K16C,2015
K16D,2015
K16Z,2015
L62A,2015
K38R,2015
L01R,2015
K97R,2015
K24M,2015
K24J,2015
K24A,2015
K24B,2015
K24L,2015
K24Z,2015
K57A,2015
K57B,2015
K57C,2015
K67A,2015
K57J,2015
K57K,2015
K57L,2015
K57P,2015
K56L,2015
K56J,2015
K56A,2015
K56B,2015
K56D,2015
K56M,2015
K56S,2015
K56T,2015
L38A,2015
Q97X,2015
L34A,2015
K67N,2015
K67R,2015
K90H,2015
K90J,2015
K90K,2015
K26L,2015
K26J,2015
K26K,2015
K26H,2015
K25B,2015
K25D,2015
K25Z,2015
Q23J,2015
K76A,2015
Q23Z,2015
K84X,2015
K05A,2015
K93X,2015
K80X,2015
L65A,2015
K20A,2015
K20B,2015
Q63A,2015
Q08R,2015
Q07R,2015
Q76A,2015
Q03A,2015
Q74B,2015
Q34J,2015
Q34K,2015
Q34Z,2015
Q23A,2015
Q23B,2015
Q23H,2015
Q23S,2015
Q30J,2015
Q68M,2015
Q27J,2015
Q99A,2015
Q31J,2015
Q31K,2015
Q68A,2015
Q68C,2015
Q50H,2015
Q68L,2015
Q68O,2015
Q68N,2015
K54A,2015
Q18A,2015
Q68B,2015
Q60Q,2015
Q60A,2015
Q51A,2015
Q62A,2015
Q77A,2015
Q25X,2015
Q82A,2015
Q85A,2015
Q50C,2015
Q85F,2015
Q14H,2015
Q14A,2015
Q14B,2015
Q14Z,2015
Q20A,2015
Q18B,2015
Q18C,2015
Q37J,2015
Q70A,2015
Q58A,2015
Q16J,2015
Q16A,2015
Q16K,2015
Q16Z,2015
Q20B,2015
Q20C,2015
Q44A,2015
Q92A,2015
Q12G,2015
Q20J,2015
Q20Z,2015
Q38L,2015
Q38N,2015
Q38K,2015
Q38M,2015
Q38Z,2015
Q12A,2015
Q12B,2015
Q24Z,2015
Q12D,2015
Q12C,2015
Q12E,2015
Q12Z,2015
Q32A,2015
Q75X,2015
Q06B,2015
Q06C,2015
Q02A,2015
Q11A,2015
Q66A,2015
Q72A,2015
Q36A,2015
Q36G,2015
Q65A,2015
Q48A,2015
Q50A,2015
Q50B,2015
Q35P,2015
Q35B,2015
Q35Z,2015
R15K,2015
Q10F,2015
R01R,2015
Q10G,2015
Q10A,2015
Q10B,2015
Q10C,2015
Q10D,2015
Q10E,2015
Q83A,2015
Q83B,2015
Q83C,2015
Q49A,2015
Q43A,2015
Q05A,2015
Q46A,2015
Q33A,2015
Q26G,2015
Q19J,2015
Q19M,2015
R55A,2015
Q19N,2015
Q19P,2015
Q24H,2015
Q24J,2015
Q24A,2015
Q24B,2015
Q24L,2015
Q24P,2015
Q24T,2015
Q67I,2015
Q55A,2015
Q67K,2015
Q67M,2015
Q67S,2015
Q67V,2015
Q67P,2015
Q67N,2015
Q57A,2015
Q39Z,2015
NO CODE,2015
Q21A,2015
Q89A,2015
Q59A,2015
Q04R,2015
Q09R,2015
Q73A,2015
Q53A,2015
R15J,2015
Q53J,2015
Q61A,2015
Q56A,2015
Q01A,2015
Q15J,2015
Q15A,2015
Q15Z,2015
Q29J,2015
Q29M,2015
Q29N,2015
Q29P,2015
Q29Q,2015
R10K,2015
Q29R,2015
R20A,2015
R20S,2015
R20E,2015
Q40F,2015
Q40J,2015
Q40K,2015
Q40L,2015
Q40M,2015
Q40N,2015
Q22A,2015
Q98A,2015
Q71B,2015
Q71A,2015
R10L,2015
Q41A,2015
R20C,2015
R20F,2015
R20M,2015
R20P,2015
R20T,2015
R20Z,2015
R10A,2015
R10R,2015
R10C,2015
R10D,2015
R10M,2015
R10Z,2015
R17D,2015
R19H,2015
R19C,2015
R19F,2015
R19A,2015
R19B,2015
R19D,2015
R19E,2015
R19G,2015
R19J,2015
R19Z,2015
R30C,2015
R30S,2015
R30B,2015
R30Z,2015
R17A,2015
R17F,2015
R17C,2015
R17G,2015
R17H,2015
R17J,2015
R17Z,2015
R60A,2015
R60H,2015
R60I,2015
R60K,2015
R60P,2015
R60R,2015
NO CODE,2015
L68A,2015
L23A,2015
K73A,2015
K52A,2015
K55C,2015
K36A,2015
M46X,2016
M35A,2016
M35B,2016
M35C,2016
M58A,2016
M27A,2016
M29A,2016
M51A,2016
M54A,2016
M28A,2016
M18A,2016
M64A,2016
M73A,2016
M61A,2016
M34X,2016
M37X,2016
M36X,2016
M38X,2016
M44X,2016
M02R,2016
M65R,2016
M05R,2016
M63R,2016
M66A,2016
M66B,2016
M66I,2016
M52A,2016
A12A,2016
A14A,2016
A11A,2016
M41C,2016
M41D,2016
M82A,2016
M81H,2016
M81J,2016
M81K,2016
M94A,2016
M81N,2016
M87A,2016
M74A,2016
M83A,2016
M85A,2016
M21A,2016
M25A,2016
M91A,2016
M70A,2016
M70B,2016
A25A,2016
M76A,2016
M76B,2016
A22A,2016
A19A,2016
A18A,2016
Y46A,2016
M95A,2016
M93A,2016
NO CODE,2016
M79A,2016
M84A,2016
A23A,2016
M42J,2016
M42K,2016
M42L,2016
M42N,2016
M42P,2016
M50B,2016
M50C,2016
M45A,2016
M20X,2016
A33A,2016
A33B,2016
A53A,2016
M57B,2016
M57C,2016
M57D,2016
M57E,2016
M53A,2016
M59A,2016
A54A,2016
K51A,2016
K51B,2016
M23A,2016
M23B,2016
X49D,2016
M68A,2016
M99A,2016
M67B,2016
M67E,2016
M60N,2016
M60P,2016
M60Q,2016
M40A,2016
M40B,2016
M11R,2016
M22X,2016
A13A,2016
A17A,2016
M26A,2016
M26D,2016
M26J,2016
M26M,2016
M26R,2016
M26W,2016
A21A,2016
M71A,2016
NO CODE,2016
NO CODE,2016
NO CODE,2016
NO CODE,2016
NO CODE,2016
NO CODE,2016
M14A,2016
M12A,2016
M12B,2016
M55A,2016
A85A,2016
M39A,2016
M39B,2016
A37A,2016
M90A,2016
M16J,2016
M16K,2016
M17J,2016
M86A,2016
M96A,2016
M97A,2016
Y41A,2016
M48A,2016
M49X,2016
X49E,2016
A15A,2016
M01A,2016
M04A,2016
M75A,2016
M75B,2016
M47A,2016
NO CODE,2016
A16A,2016
M06A,2016
M07A,2016
M88A,2016
A24A,2016
M32A,2016
M30A,2016
M31A,2016
M33A,2016
M19B,2016
M19C,2016
M19J,2016
X31A,2016
M19K,2016
M19L,2016
M62A,2016
X11X,2016
Y72A,2016
Y72B,2016
X37A,2016
Y23A,2016
X47A,2016
X44X,2016
X96A,2016
X96B,2016
X14J,2016
X70A,2016
Y51A,2016
Y51B,2016
Y49A,2016
X49B,2016
X49C,2016
X87R,2016
X27A,2016
X69C,2016
X69D,2016
X69E,2016
X71A,2016
Y28A,2016
Y01T,2016
X98A,2016
X97A,2016
X72A,2016
X26A,2016
Y22A,2016
X57A,2016
X24A,2016
Y37A,2016
Y34A,2016
X16A,2016
X16B,2016
X16Z,2016
Y47A,2016
X32A,2016
X65A,2016
X85R,2016
X65R,2016
X94A,2016
Y58A,2016
Y58B,2016
Y59A,2016
Y61A,2016
X58X,2016
X99X,2016
Y29A,2016
X03R,2016
X04R,2016
X05R,2016
X07R,2016
X06R,2016
X81X,2016
Y36A,2016
Y27A,2016
Y21A,2016
X13A,2016
Y31B,2016
Y31C,2016
Y31D,2016
X36A,2016
X46A,2016
X55A,2016
X55B,2016
X56A,2016
X95A,2016
X95B,2016
X63X,2016
X73A,2016
X41A,2016
Y64A,2016
Y73A,2016
X80A,2016
X61X,2016
X20B,2016
X20C,2016
X20R,2016
X20S,2016
X45A,2016
X20T,2016
X62X,2016
X59X,2016
X18A,2016
X86R,2016
X28A,2016
Y24A,2016
X19A,2016
X89A,2016
X89B,2016
X78A,2016
Y32A,2016
X34A,2016
X42A,2016
X51A,2016
X52A,2016
X53A,2016
X53B,2016
X10A,2016
X10H,2016
X10J,2016
X10K,2016
X10L,2016
X33A,2016
X33B,2016
X33M,2016
NO CODE,2016
X43A,2016
X43B,2016
Y56A,2016
X38A,2016
X38B,2016
X39A,2016
Y65A,2016
NO CODE,2016
X88X,2016
X76X,2016
X64X,2016
X02R,2016
X01X,2016
X29J,2016
X22A,2016
X17B,2016
X35A,2016
X35B,2016
X25B,2016
X25C,2016
X25D,2016
X25E,2016
X25F,2016
X25H,2016
X25Z,2016
Y53A,2016
Y52A,2016
X48A,2016
X48B,2016
X30A,2016
X30B,2016
Y45A,2016
X77R,2016
X08R,2016
Y35A,2016
X83X,2016
X84X,2016
Y38A,2016
Y26A,2016
Y42A,2016
Y43A,2016
Y54A,2016
Y55A,2016
X09X,2016
X91A,2016
X93A,2016
X93P,2016
X75A,2016
K42A,2016
L49A,2016
K42B,2016
K42C,2016
K42D,2016
K42E,2016
L02R,2016
L25A,2016
K78A,2016
K78B,2016
K78C,2016
K78D,2016
K78F,2016
K78G,2016
NO CODE,2016
K53A,2016
K08X,2016
K85A,2016
K85D,2016
L54A,2016
K95A,2016
K95B,2016
K70C,2016
K70D,2016
K70E,2016
K70H,2016
K70I,2016
K71B,2016
K71E,2016
K71J,2016
K71K,2016
L59A,2016
K11A,2016
L44A,2016
K11B,2016
K11E,2016
K11X,2016
K18R,2016
NO CODE,2016
L27A,2016
L27B,2016
L27C,2016
K87A,2016
K87G,2016
K87H,2016
K87I,2016
K86A,2016
K86B,2016
K88A,2016
K88B,2016
K88C,2016
L50A,2016
K88D,2016
K07X,2016
K09X,2016
K39X,2016
L39A,2016
K60J,2016
K60L,2016
K60R,2016
K60S,2016
K60T,2016
L66A,2016
L47A,2016
L47B,2016
K75A,2016
L69A,2016
K79A,2016
L22A,2016
K62X,2016
K79B,2016
K79C,2016
K03R,2016
K22A,2016
K29A,2016
K27A,2016
K21A,2016
K21B,2016
K91A,2016
K91B,2016
L61A,2016
K47J,2016
K47K,2016
K47L,2016
K47M,2016
K47R,2016
L58A,2016
L63A,2016
K33R,2016
K10A,2016
K10E,2016
K10S,2016
K10Z,2016
K49B,2016
K49D,2016
L35A,2016
L57A,2016
K15A,2016
L67A,2016
L21A,2016
L24A,2016
K98X,2016
K45A,2016
K32A,2016
K32B,2016
K32C,2016
K32D,2016
K04X,2016
K01J,2016
K01X,2016
K06B,2016
K06C,2016
K30X,2016
K14A,2016
K64A,2016
K64B,2016
K64C,2016
K41A,2016
K31A,2016
K48A,2016
K77A,2016
K77B,2016
K50A,2016
K50B,2016
K50C,2016
K50J,2016
L17A,2016
L64A,2016
L36A,2016
L36B,2016
L36C,2016
L32A,2016
L33A,2016
L37A,2016
L41A,2016
L31A,2016
L48A,2016
L45A,2016
L45B,2016
K63X,2016
K61D,2016
K61M,2016
K61R,2016
K61T,2016
K65A,2016
K65X,2016
L40A,2016
K69K,2016
K69L,2016
K69M,2016
K69N,2016
K69P,2016
K69R,2016
L51A,2016
L46A,2016
L56A,2016
K68A,2016
K68C,2016
K68J,2016
L53A,2016
L53B,2016
K19A,2016
K28A,2016
K28B,2016
K28C,2016
K28D,2016
K28H,2016
K28M,2016
K28Z,2016
K59A,2016
K17H,2016
K17J,2016
K17R,2016
K17S,2016
K17Z,2016
K16A,2016
K16C,2016
K16D,2016
K16Z,2016
L62A,2016
K38R,2016
L01R,2016
K97R,2016
K24A,2016
K24B,2016
K24J,2016
K24L,2016
K24M,2016
K24Z,2016
L55A,2016
K57A,2016
K57B,2016
K57C,2016
K57J,2016
K57K,2016
K57L,2016
K57P,2016
K56A,2016
K56B,2016
K56D,2016
K56J,2016
K56L,2016
K56M,2016
K56S,2016
K56T,2016
L38A,2016
R55A,2016
L34A,2016
K67A,2016
K67E,2016
K67H,2016
K67N,2016
K67R,2016
K90H,2016
K90J,2016
K90K,2016
K26H,2016
K26J,2016
K26K,2016
K26L,2016
K25B,2016
K25D,2016
K25Z,2016
K76A,2016
K84X,2016
K05A,2016
K93X,2016
K80X,2016
L65A,2016
K20A,2016
K20B,2016
Q63A,2016
Q08R,2016
Q07R,2016
Q76A,2016
Q03A,2016
Q74B,2016
Q34A,2016
Q34J,2016
Q34K,2016
Q34Z,2016
Q23A,2016
Q23B,2016
Q23H,2016
Q23J,2016
Q23S,2016
Q23Z,2016
Q30J,2016
Q27J,2016
Q99A,2016
Q31J,2016
Q31K,2016
Q47A,2016
Q68A,2016
Q68B,2016
Q68C,2016
Q68L,2016
Q68M,2016
Q68N,2016
Q68O,2016
Q60A,2016
Q60Q,2016
Q51A,2016
Q62A,2016
Q77A,2016
Q25X,2016
Q82A,2016
Q85A,2016
Q85F,2016
Q14A,2016
Q14B,2016
Q14H,2016
Q14Z,2016
Q18A,2016
Q18B,2016
Q18C,2016
Q18Z,2016
Q37J,2016
Q70A,2016
Q58A,2016
Q16A,2016
Q16B,2016
Q16J,2016
Q16K,2016
Q16Z,2016
Q20A,2016
Q20H,2016
Q20J,2016
Q20K,2016
Q20Z,2016
Q38K,2016
Q10C,2016
Q10E,2016
Q38L,2016
Q38M,2016
Q38Z,2016
Q12A,2016
Q12B,2016
Q12C,2016
Q12D,2016
Q12E,2016
Q12G,2016
Q12Z,2016
Q32A,2016
Q75X,2016
Q97X,2016
Q10D,2016
Q06B,2016
Q06C,2016
Q02A,2016
Q11A,2016
Q66A,2016
Q72A,2016
Q36A,2016
Q36G,2016
Q65A,2016
Q48A,2016
Q50A,2016
Q50B,2016
Q50C,2016
Q50H,2016
Q35B,2016
Q35P,2016
Q35Z,2016
Q10A,2016
Q10B,2016
Q10F,2016
Q10G,2016
Q10Z,2016
Q83A,2016
Q83B,2016
Q83C,2016
Q49A,2016
Q43A,2016
Q05A,2016
Q46A,2016
Q33A,2016
Q26G,2016
Q19J,2016
Q19M,2016
Q19N,2016
Q19P,2016
Q19Z,2016
Q24A,2016
Q24B,2016
Q24H,2016
Q24J,2016
Q24L,2016
Q24P,2016
Q24T,2016
Q24Z,2016
Q67I,2016
Q67K,2016
Q67M,2016
R01R,2016
Q67N,2016
Q67P,2016
Q67S,2016
Q67V,2016
Q57A,2016
Q39Z,2016
NO CODE,2016
Q21A,2016
Q89A,2016
Q59A,2016
Q04R,2016
Q09R,2016
Q42X,2016
Q45A,2016
Q45C,2016
Q84A,2016
Q73A,2016
Q44A,2016
Q92A,2016
Q55A,2016
Q53A,2016
Q53J,2016
Q61A,2016
Q56A,2016
Q01A,2016
Q15A,2016
Q15B,2016
Q15C,2016
Q15J,2016
Q15Z,2016
Q29J,2016
Q29M,2016
Q29N,2016
Q29P,2016
Q29Q,2016
Q29R,2016
Q29S,2016
Q29Z,2016
Q40F,2016
Q40J,2016
Q40K,2016
Q40L,2016
Q40M,2016
Q40N,2016
Q22A,2016
Q98A,2016
Q71A,2016
Q71B,2016
Q41A,2016
R15J,2016
R15K,2016
R20A,2016
R20C,2016
R20E,2016
R20F,2016
R20M,2016
R20P,2016
R20S,2016
R20T,2016
R20Z,2016
R10A,2016
R10C,2016
R10D,2016
R10K,2016
R10L,2016
R10M,2016
R10R,2016
R10Z,2016
R19A,2016
R19B,2016
R19C,2016
R19D,2016
R19E,2016
R19F,2016
R19G,2016
R19H,2016
R19J,2016
R19Z,2016
R30B,2016
R30C,2016
R30S,2016
R30Z,2016
R17A,2016
R17C,2016
R17D,2016
R17F,2016
R17G,2016
R17H,2016
R17J,2016
R17Z,2016
R60A,2016
R60B,2016
R60H,2016
R60I,2016
R60K,2016
R60P,2016
R60R,2016
NO CODE,2016
L68A,2016
L23A,2016
K73A,2016
K54A,2016
K52A,2016
K55C,2016
K36A,2016
