01M292,2013,38781,9835
01M292,2014,28920,11990
01M292,2015,25962,7927
01M292,2016,18811,4387
01M292,2017,19407,2969
01M448,2013,44271,8217
01M448,2014,41205,6718
01M448,2015,44919,6124
01M448,2016,50339,5124
01M448,2017,58366,4765
01M450,2013,54350,5264
01M450,2014,57886,5413
01M450,2015,61469,4061
01M450,2016,61027,4795
01M450,2017,62962,4006
01M458,2013,20783,11637
01M458,2014,17985,13853
01M458,2015,18904,10652
01M458,2016,16237,15859
01M458,2017,17000,12380
01M509,2013,46912,11843
01M509,2014,49670,14459
01M509,2015,44493,13475
01M509,2016,35557,8736
01M509,2017,24602,6524
01M515,2013,76796,10178
01M515,2014,78073,11517
01M515,2015,72900,13596
01M515,2016,71159,17500
01M515,2017,72262,14988
01M539,2013,87248,5436
01M539,2014,94541,5073
01M539,2015,99237,5045
01M539,2016,100780,6470
01M539,2017,95052,4737
01M650,2013,25449,9773
01M650,2014,24714,10746
01M650,2015,23742,11016
01M650,2016,23726,12223
01M650,2017,22208,13755
01M696,2013,91489,5795
01M696,2014,87165,4118
01M696,2015,87432,3807
01M696,2016,83565,5106
01M696,2017,84287,4899
01M839,2017,0,4
02M047,2013,27018,3841
02M047,2014,25790,3949
02M047,2015,24988,3391
02M047,2016,26891,3660
02M047,2017,24852,4025
02M135,2014,17902,1797
02M135,2015,28198,3728
02M135,2016,34512,7145
02M135,2017,40938,8414
02M139,2014,12900,1241
02M139,2015,28379,3829
02M139,2016,40078,6136
02M139,2017,52075,8140
02M260,2016,14600,746
02M260,2017,31151,1104
02M280,2015,15179,1021
02M280,2016,28273,2355
02M280,2017,40130,3667
02M282,2015,15650,1603
02M282,2016,28593,3977
02M282,2017,41512,5119
02M288,2013,61028,9266
02M288,2014,63371,8688
02M288,2015,62088,8069
02M288,2016,59541,7329
02M288,2017,57123,6635
02M294,2013,50626,7297
02M294,2014,52834,8046
02M294,2015,52098,8289
02M294,2016,48831,7311
02M294,2017,47501,6970
02M296,2013,54446,10044
02M296,2014,58177,12454
02M296,2015,58839,10654
02M296,2016,54520,10758
02M296,2017,50561,11306
02M298,2013,64457,5233
02M298,2014,64253,5249
02M298,2015,65854,5155
02M298,2016,70316,7528
02M298,2017,70627,10472
02M300,2013,55991,9121
02M300,2014,56031,12946
02M300,2015,57149,11689
02M300,2016,52684,11560
02M300,2017,50007,10600
02M303,2013,54346,12346
02M303,2014,54629,12590
02M303,2015,53884,11014
02M303,2016,53084,11816
02M303,2017,55135,12237
02M305,2013,43178,6811
02M305,2014,45463,7265
02M305,2015,46249,7572
02M305,2016,45014,7552
02M305,2017,41732,7831
02M308,2013,48923,7638
02M308,2014,51501,7548
02M308,2015,56562,6498
02M308,2016,50518,6775
02M308,2017,48586,6862
02M313,2013,25863,10506
02M313,2014,27906,10074
02M313,2015,27658,11981
02M313,2016,26692,12224
02M313,2017,27254,11373
02M316,2013,56341,10766
02M316,2014,54622,12483
02M316,2015,53178,13397
02M316,2016,44970,11805
02M316,2017,36113,7249
02M374,2013,70453,12742
02M374,2014,75218,12931
02M374,2015,76669,11959
02M374,2016,71640,13061
02M374,2017,71714,13428
02M376,2013,67079,5772
02M376,2014,66824,4459
02M376,2015,69467,4430
02M376,2016,70251,5488
02M376,2017,67319,5133
02M392,2013,55134,10163
02M392,2014,57576,11279
02M392,2015,62433,10496
02M392,2016,58118,9558
02M392,2017,59124,9209
02M393,2013,52292,9715
02M393,2014,56228,10489
02M393,2015,61240,11096
02M393,2016,60762,11808
02M393,2017,60420,11184
02M394,2013,37593,2858
02M394,2014,34562,2608
02M394,2015,34595,2451
02M394,2016,39699,2679
02M394,2017,45642,3385
02M399,2013,45319,9252
02M399,2014,48350,9047
02M399,2015,61908,9297
02M399,2016,60261,11911
02M399,2017,52849,11633
02M400,2013,194584,22085
02M400,2014,191925,22443
02M400,2015,191493,23513
02M400,2016,174733,28428
02M400,2017,166376,28852
02M407,2013,42793,3418
02M407,2014,40557,3295
02M407,2015,43035,3878
02M407,2016,42908,3755
02M407,2017,39844,3338
02M408,2013,64926,5224
02M408,2014,62763,4311
02M408,2015,69765,4101
02M408,2016,69115,4615
02M408,2017,67275,5078
02M411,2013,69490,1710
02M411,2014,70466,1911
02M411,2015,73286,1879
02M411,2016,69950,2283
02M411,2017,69101,2527
02M412,2013,87993,6062
02M412,2014,92940,5563
02M412,2015,92737,5752
02M412,2016,82333,4590
02M412,2017,81426,4925
02M413,2013,67112,4427
02M413,2014,69128,4945
02M413,2015,70573,4446
02M413,2016,72990,4427
02M413,2017,74061,4876
02M414,2013,73567,4495
02M414,2014,72361,4179
02M414,2015,75608,4111
02M414,2016,69487,4487
02M414,2017,68534,4557
02M416,2013,80946,3369
02M416,2014,85270,2705
02M416,2015,87691,3208
02M416,2016,86048,3481
02M416,2017,84685,3861
02M418,2013,102544,4354
02M418,2014,99128,3501
02M418,2015,107007,3963
02M418,2016,101047,4347
02M418,2017,103064,4069
02M419,2013,51838,12471
02M419,2014,49729,12942
02M419,2015,46890,10347
02M419,2016,46471,11850
02M419,2017,46814,11266
02M420,2013,252831,23017
02M420,2014,252052,24888
02M420,2015,255694,23536
02M420,2016,250123,21499
02M420,2017,262949,22529
02M422,2013,14391,1020
02M422,2014,26700,2941
02M422,2015,39159,4849
02M422,2016,50905,6594
02M422,2017,51415,7344
02M425,2013,82030,20691
02M425,2014,89996,22342
02M425,2015,89344,23600
02M425,2016,86705,20231
02M425,2017,77950,15838
02M427,2013,35923,6823
02M427,2014,42158,9239
02M427,2015,44242,7745
02M427,2016,42295,5885
02M427,2017,41357,7001
02M429,2013,19314,7935
02M429,2014,7424,3048
02M432,2013,37926,9046
02M432,2014,40559,9937
02M432,2015,36625,8407
02M432,2016,36821,9773
02M432,2017,38350,11872
02M437,2013,51033,6264
02M437,2014,64739,11385
02M437,2015,66017,13903
02M437,2016,65358,16059
02M437,2017,60406,15845
02M438,2013,38227,4250
02M438,2014,49337,6616
02M438,2015,47307,9339
02M438,2016,48107,7366
02M438,2017,48772,7410
02M439,2013,66192,1694
02M439,2014,66061,1832
02M439,2015,68129,1158
02M439,2016,71320,1610
02M439,2017,69080,1396
02M449,2013,59119,10797
02M449,2014,64838,11479
02M449,2015,69312,10197
02M449,2016,65086,8537
02M449,2017,63444,9230
02M459,2013,48123,3882
02M459,2014,49974,4104
02M459,2015,49928,5355
02M459,2016,49472,5726
02M459,2017,47568,6095
02M460,2013,66526,26128
02M460,2014,32350,13263
02M473,2013,16922,12909
02M473,2014,13774,12814
02M473,2015,13302,8432
02M473,2016,9998,9934
02M473,2017,10383,9050
02M475,2013,519305,19015
02M475,2014,526933,18650
02M475,2015,533802,19329
02M475,2016,523585,17972
02M475,2017,530460,16597
02M489,2013,105811,15042
02M489,2014,110357,13535
02M489,2015,117581,14947
02M489,2016,107558,12677
02M489,2017,107045,14961
02M500,2013,31909,7821
02M500,2014,34567,6635
02M500,2015,40367,6337
02M500,2016,37589,8160
02M500,2017,34401,6816
02M507,2013,37014,3247
02M507,2014,53601,5620
02M507,2015,71158,8243
02M507,2016,65832,10084
02M507,2017,65713,8262
02M519,2013,77707,5447
02M519,2014,82908,7877
02M519,2015,78798,5609
02M519,2016,76615,5949
02M519,2017,73105,5698
02M520,2013,222328,64344
02M520,2014,160919,74678
02M520,2015,110279,41095
02M520,2016,73103,16604
02M520,2017,51262,10204
02M529,2013,89689,24889
02M529,2014,89327,25627
02M529,2015,89147,22342
02M529,2016,84490,19414
02M529,2017,79002,20474
02M531,2013,34437,2254
02M531,2014,36013,2435
02M531,2015,38265,2958
02M531,2016,37848,2913
02M531,2017,36378,3412
02M533,2013,18140,1651
02M533,2014,32294,3524
02M533,2015,48086,4945
02M533,2016,59750,8608
02M533,2017,57938,7692
02M534,2013,19471,1131
02M534,2014,35606,2998
02M534,2015,50612,5088
02M534,2016,66347,8764
02M534,2017,63101,11249
02M542,2013,81283,7706
02M542,2014,81638,8255
02M542,2015,81420,7061
02M542,2016,77206,6534
02M542,2017,77041,7036
02M543,2013,58009,12137
02M543,2014,60122,11240
02M543,2015,60993,10960
02M543,2016,57003,10371
02M543,2017,56167,9046
02M544,2013,36855,19392
02M544,2014,29165,15710
02M544,2015,25253,17000
02M544,2016,27812,16372
02M544,2017,25535,16895
02M545,2013,63125,1287
02M545,2014,66139,1303
02M545,2015,68255,1237
02M545,2016,67324,1380
02M545,2017,63194,1065
02M546,2013,19563,1202
02M546,2014,36663,3005
02M546,2015,53738,4351
02M546,2016,64539,9596
02M546,2017,65614,7141
02M550,2013,52927,7956
02M550,2014,52692,6611
02M550,2015,60604,8522
02M550,2016,61238,8232
02M550,2017,60135,9237
02M551,2013,62156,7715
02M551,2014,63763,7815
02M551,2015,66281,7143
02M551,2016,60453,8034
02M551,2017,65499,6782
02M560,2013,56942,34204
02M560,2014,70303,29430
02M560,2015,61330,37574
02M560,2016,41561,43601
02M560,2017,42728,47274
02M565,2013,25603,345
02M565,2014,25967,780
02M565,2015,25859,1442
02M565,2016,20955,5121
02M565,2017,23599,3369
02M570,2013,25913,6813
02M570,2014,27905,8061
02M570,2015,27252,7394
02M570,2016,26138,12303
02M570,2017,25933,12122
02M575,2013,75681,21929
02M575,2014,67688,24704
02M575,2015,79671,28458
02M575,2016,80806,26863
02M575,2017,81858,26233
02M580,2013,80716,12635
02M580,2014,78329,17300
02M580,2015,78346,13487
02M580,2016,72218,11846
02M580,2017,73266,11130
02M586,2013,8563,2006
02M586,2014,9083,2199
02M586,2015,8410,2011
02M586,2016,6764,2644
02M586,2017,7785,2883
02M600,2013,249901,22443
02M600,2014,260463,22453
02M600,2015,276461,18551
02M600,2016,268548,24326
02M600,2017,245662,23260
02M605,2013,28092,4887
02M605,2014,28366,5038
02M605,2015,28920,4760
02M605,2016,28426,5148
02M605,2017,28967,4664
02M615,2013,61471,8572
02M615,2014,62868,9163
02M615,2015,63466,8360
02M615,2016,60858,8642
02M615,2017,58140,9808
02M620,2013,54350,18479
02M625,2013,135250,56611
02M625,2014,74607,35061
02M625,2015,33313,16857
02M630,2013,199013,23210
02M630,2014,211644,22086
02M630,2015,221926,21798
02M630,2016,211424,24949
02M630,2017,207029,22980
02M655,2013,81742,15673
02M655,2014,87283,16418
02M655,2015,82903,17622
02M655,2016,68490,17900
02M655,2017,69273,17806
03M076,2013,0,4
03M256,2014,0,1
03M283,2013,28003,8803
03M283,2014,14825,5184
03M299,2013,58283,11921
03M299,2014,58096,12673
03M299,2015,58754,12036
03M299,2016,55132,13330
03M299,2017,56528,11926
03M307,2013,49627,9320
03M307,2014,52257,9666
03M307,2015,56616,10675
03M307,2016,53566,10803
03M307,2017,53600,10228
03M333,2016,0,76
03M402,2013,48740,12608
03M402,2014,49774,10882
03M402,2015,50007,9502
03M402,2016,44922,9127
03M402,2017,41901,7857
03M403,2013,60261,9633
03M403,2014,68602,7507
03M403,2015,70156,10309
03M403,2016,60516,11551
03M403,2017,58585,9647
03M404,2013,17716,11242
03M404,2014,17010,11155
03M404,2015,17579,11338
03M404,2016,17001,10478
03M404,2017,17859,8060
03M415,2013,55870,13295
03M415,2014,61518,14164
03M415,2015,50749,14127
03M415,2016,39662,11209
03M415,2017,32393,7573
03M417,2013,44576,2768
03M417,2014,56576,4186
03M417,2015,60823,4019
03M417,2016,56471,5206
03M417,2017,59563,4660
03M479,2013,198373,9004
03M479,2014,201453,9794
03M479,2015,208193,7792
03M479,2016,208029,8284
03M479,2017,202601,7499
03M485,2013,417362,21557
03M485,2014,426979,21006
03M485,2015,421276,20134
03M485,2016,421278,23283
03M485,2017,415691,20871
03M492,2013,73370,13163
03M492,2014,70537,14645
03M492,2015,71078,13003
03M492,2016,66621,13235
03M492,2017,65559,12491
03M494,2013,78697,17366
03M494,2014,76861,17744
03M494,2015,74410,22584
03M494,2016,72719,17868
03M494,2017,71312,15617
03M505,2013,47173,29028
03M505,2014,45651,28609
03M505,2015,42834,31740
03M505,2016,39440,31408
03M505,2017,37459,23520
03M541,2013,71362,2391
03M541,2014,73695,2260
03M541,2015,73847,1795
03M541,2016,70575,1714
03M541,2017,70711,2012
03M859,2014,8626,327
03M859,2015,15595,652
03M859,2016,23257,1001
03M859,2017,28652,1562
03M860,2013,39058,7278
03M860,2014,41683,8664
03M860,2015,42435,10895
03M860,2016,39762,11050
03M860,2017,41933,9126
04M372,2013,11844,1184
04M372,2014,21800,2697
04M372,2015,34520,5935
04M372,2016,46689,6534
04M372,2017,51022,8066
04M409,2013,40348,14120
04M409,2014,39358,10469
04M409,2015,36919,9507
04M409,2016,30308,6827
04M409,2017,21468,4178
04M435,2013,243797,18862
04M435,2014,241047,20452
04M435,2015,250171,17812
04M435,2016,246115,18336
04M435,2017,242340,17467
04M495,2013,55661,7206
04M495,2014,60871,6143
04M495,2015,63206,5673
04M495,2016,61560,4676
04M495,2017,62707,4382
04M555,2013,70305,4524
04M555,2014,72589,5275
04M555,2015,72982,4435
04M555,2016,72406,4333
04M555,2017,74148,4124
04M610,2013,44834,2177
04M610,2014,46923,2470
04M610,2015,51555,2826
04M610,2016,51364,3675
04M610,2017,49316,3416
04M635,2013,11937,2780
04M680,2013,45547,7923
04M680,2014,46310,9187
04M680,2015,43700,9130
04M680,2016,43844,8805
04M680,2017,44160,6083
05M148,2017,12725,1644
05M157,2014,11604,1679
05M157,2015,24152,2954
05M157,2016,29218,3727
05M157,2017,33443,6136
05M285,2013,21940,10393
05M285,2014,20214,13271
05M285,2015,18823,12719
05M285,2016,19191,14350
05M285,2017,18841,14926
05M304,2013,59954,8423
05M304,2014,60251,8990
05M304,2015,61570,9328
05M304,2016,56714,8985
05M304,2017,46553,11394
05M362,2013,43208,2053
05M362,2014,60707,3366
05M362,2015,59785,2719
05M362,2016,58671,3219
05M362,2017,59579,3959
05M367,2013,35199,13566
05M367,2014,28513,12419
05M367,2015,23768,9777
05M367,2016,20909,6658
05M367,2017,15228,5022
05M369,2013,46314,10144
05M369,2014,45250,11666
05M369,2015,47366,11084
05M369,2016,43642,11079
05M369,2017,42564,10124
05M469,2013,21647,7017
05M469,2014,12507,3433
05M469,2015,5681,2661
05M469,2016,4377,981
05M499,2013,163659,19738
05M499,2014,169588,21915
05M499,2015,166194,20353
05M499,2016,159710,21983
05M499,2017,162140,20599
05M670,2013,58889,4793
05M670,2014,62237,4814
05M670,2015,60693,4968
05M670,2016,57941,5006
05M670,2017,55089,5687
05M685,2013,53857,18058
05M685,2014,29154,11412
05M685,2015,12641,4169
05M685,2016,2968,1223
05M692,2013,67357,4097
05M692,2014,71066,3447
05M692,2015,75263,2818
05M692,2016,74419,3213
05M692,2017,72243,2977
06M052,2014,0,2
06M211,2015,13868,1222
06M211,2016,30102,2318
06M211,2017,41316,4010
06M293,2013,52395,3754
06M293,2014,54049,3082
06M293,2015,54088,3249
06M293,2016,51403,5344
06M293,2017,52374,3420
06M346,2013,45332,9602
06M346,2014,49420,9411
06M346,2015,49921,11589
06M346,2016,49276,12240
06M346,2017,49402,13159
06M348,2013,54036,6124
06M348,2014,53863,8725
06M348,2015,53236,9023
06M348,2016,53078,10444
06M348,2017,54491,10053
06M423,2013,23139,11432
06M423,2014,23602,9177
06M423,2015,23370,11201
06M423,2016,23261,10778
06M423,2017,21630,11118
06M457,2013,21395,5628
06M457,2014,17990,5422
06M457,2015,16089,6411
06M457,2016,14540,4961
06M457,2017,13510,4858
06M462,2013,80251,12515
06M462,2014,74883,12630
06M462,2015,69247,12067
06M462,2016,65236,11744
06M462,2017,61116,10615
06M463,2013,67497,16853
06M463,2014,69616,15650
06M463,2015,64784,13662
06M463,2016,59166,8033
06M463,2017,57088,6140
06M467,2013,94046,14890
06M467,2014,94540,14933
06M467,2015,95591,13521
06M467,2016,84682,12995
06M467,2017,82645,11227
06M468,2013,90448,15840
06M468,2014,87680,14179
06M468,2015,84558,14103
06M468,2016,71924,10565
06M468,2017,64293,9635
06M540,2013,187833,23852
06M540,2014,189317,30356
06M540,2015,191108,30982
06M540,2016,195750,31624
06M540,2017,187109,34640
06M552,2013,71076,8312
06M552,2014,71664,7889
06M552,2015,76491,7209
06M552,2016,73813,6705
06M552,2017,74065,6086
07X221,2013,49400,6689
07X221,2014,50580,6883
07X221,2015,53108,6156
07X221,2016,53355,5233
07X221,2017,55612,4547
07X223,2014,16177,1398
07X223,2015,35212,2407
07X223,2016,47008,4008
07X223,2017,57733,6233
07X259,2014,17878,2961
07X259,2015,32444,6075
07X259,2016,47587,7690
07X259,2017,60418,12066
07X321,2013,10262,7146
07X321,2014,9166,8078
07X321,2015,8247,7093
07X321,2016,11961,10631
07X334,2013,55755,11518
07X334,2014,56948,11953
07X334,2015,61688,12282
07X334,2016,63964,9016
07X334,2017,59323,7606
07X379,2013,17503,8912
07X379,2014,18355,8509
07X379,2015,17485,11914
07X379,2016,15671,13205
07X379,2017,16305,12088
07X381,2013,16478,8698
07X381,2014,17080,10141
07X381,2015,16527,8924
07X381,2016,16675,10149
07X381,2017,17037,9666
07X427,2013,41511,9623
07X427,2014,43242,10943
07X427,2015,41053,10706
07X427,2016,41303,10259
07X427,2017,37137,10101
07X456,2013,10560,6878
07X456,2014,11426,8222
07X456,2015,13078,7585
07X456,2016,11875,7518
07X456,2017,8009,6981
07X473,2013,48154,9429
07X473,2014,47998,9139
07X473,2015,47587,12776
07X473,2016,46332,12913
07X473,2017,47660,13669
07X495,2013,69262,7006
07X495,2014,70320,6339
07X495,2015,75743,5932
07X495,2016,73382,5527
07X495,2017,70977,5055
07X500,2013,47252,5506
07X500,2014,51458,4467
07X500,2015,52515,4923
07X500,2016,50430,4694
07X500,2017,52113,5045
07X520,2013,30584,8364
07X520,2014,22879,7258
07X520,2015,19697,5111
07X520,2016,14272,2337
07X522,2013,38096,10014
07X522,2014,56555,12778
07X522,2015,75525,17278
07X522,2016,74134,18318
07X522,2017,67908,20995
07X527,2013,68622,13110
07X527,2014,70193,13589
07X527,2015,70132,12033
07X527,2016,67890,12341
07X527,2017,66790,12566
07X547,2013,57487,11890
07X547,2014,60215,14912
07X547,2015,62980,14836
07X547,2016,50978,14649
07X547,2017,46788,14412
07X548,2013,68348,16139
07X548,2014,76501,16075
07X548,2015,77119,19135
07X548,2016,72856,20100
07X548,2017,67011,19810
07X551,2013,50726,7293
07X551,2014,47898,8936
07X551,2015,48477,9896
07X551,2016,47783,9974
07X551,2017,46415,11658
07X557,2013,18574,7150
07X557,2014,22311,11261
07X557,2015,24746,12979
07X557,2016,24215,11394
07X557,2017,22148,11615
07X600,2013,64716,14476
07X600,2014,49779,11949
07X600,2015,51752,10601
07X600,2016,55527,11521
07X600,2017,59876,11170
07X655,2013,42791,22924
07X655,2014,21443,13735
07X670,2013,75277,15831
07X670,2014,75150,18432
07X670,2015,72595,19263
07X670,2016,70155,19598
07X670,2017,56568,17390
08X123,2015,1,0
08X269,2013,39666,7687
08X269,2014,42658,7404
08X269,2015,47298,7467
08X269,2016,47995,7332
08X269,2017,46920,8753
08X282,2013,50757,14965
08X282,2014,47133,12244
08X282,2015,45345,12298
08X282,2016,40855,11906
08X282,2017,37575,12550
08X293,2013,62051,11967
08X293,2014,59714,13671
08X293,2015,61636,12526
08X293,2016,59650,13175
08X293,2017,58788,12726
08X295,2013,36112,11651
08X295,2014,20074,5564
08X305,2013,44084,8976
08X305,2014,43523,9633
08X305,2015,42604,7985
08X305,2016,42217,7846
08X312,2013,67841,10715
08X312,2014,66922,11273
08X312,2015,68112,11529
08X312,2016,61388,12635
08X312,2017,58317,10707
08X320,2014,14173,1500
08X320,2015,32235,3457
08X320,2016,47182,7288
08X320,2017,60356,12482
08X332,2013,40561,9416
08X332,2014,34985,6860
08X332,2015,32385,5696
08X332,2016,24996,4999
08X332,2017,19012,4674
08X348,2014,14113,1631
08X348,2015,26329,2927
08X348,2016,40732,5225
08X348,2017,51684,7756
08X349,2014,15214,2471
08X349,2015,29971,4311
08X349,2016,41766,6753
08X349,2017,53869,11366
08X367,2013,41874,6364
08X367,2014,50958,7782
08X367,2015,53578,7535
08X367,2016,53297,12813
08X367,2017,49653,13673
08X376,2013,28230,4566
08X376,2014,32557,6586
08X376,2015,32144,7606
08X376,2016,28910,7647
08X376,2017,29563,7607
08X377,2013,17955,13116
08X377,2014,16093,11812
08X377,2015,14690,7936
08X377,2016,17533,10228
08X377,2017,15539,10193
08X405,2013,349169,102012
08X405,2014,258756,71710
08X405,2015,190473,49327
08X405,2016,126791,32067
08X405,2017,104992,21223
08X408,2013,15100,7163
08X408,2014,17946,8805
08X408,2015,15027,7920
08X408,2016,17398,8659
08X408,2017,16004,10339
08X432,2013,35463,3340
08X432,2014,44828,7858
08X432,2015,45160,9108
08X432,2016,43196,8431
08X432,2017,41700,9692
08X452,2013,37485,11565
08X452,2014,39156,12016
08X452,2015,37508,13020
08X452,2016,38823,11028
08X452,2017,36726,9195
08X507,2013,10582,7424
08X507,2014,9774,8953
08X507,2015,10413,7509
08X507,2016,8703,8045
08X507,2017,6013,6693
08X519,2013,46847,8074
08X519,2014,44256,10120
08X519,2015,39501,10061
08X519,2016,34929,8812
08X519,2017,27712,8813
08X530,2013,49612,18435
08X530,2014,40749,16722
08X530,2015,36766,14635
08X530,2016,26416,8492
08X530,2017,20715,5262
08X537,2013,18367,12335
08X537,2014,17362,13995
08X537,2015,17663,13265
08X537,2016,17479,14032
08X537,2017,15917,15501
08X540,2013,11357,2954
08X558,2013,15848,1962
08X558,2014,36038,5745
08X558,2015,57693,8966
08X558,2016,76810,11886
08X558,2017,83001,12165
08X559,2013,12958,2182
08X559,2014,23128,3880
08X559,2015,33189,6738
08X559,2016,38805,8174
08X559,2017,37105,11220
08X560,2014,202,0
08X561,2013,12432,1864
08X561,2014,25986,5335
08X561,2015,43889,10955
08X561,2016,56429,16506
08X561,2017,59050,13698
08X650,2013,54891,19916
08X650,2014,32563,12565
09X227,2013,44950,9810
09X227,2014,46338,11334
09X227,2015,50186,12479
09X227,2016,50764,10415
09X227,2017,54652,9553
09X231,2013,56474,8036
09X231,2014,55147,8646
09X231,2015,53099,8548
09X231,2016,46873,7559
09X231,2017,44679,6790
09X239,2013,8824,1543
09X241,2013,48930,6565
09X241,2014,49728,6401
09X241,2015,52503,6063
09X241,2016,51671,6470
09X241,2017,50656,8023
09X250,2013,55855,6775
09X250,2014,62287,7719
09X250,2015,67104,8001
09X250,2016,61124,9943
09X250,2017,59675,10204
09X252,2013,50739,8045
09X252,2014,52099,9292
09X252,2015,57403,9452
09X252,2016,55854,10528
09X252,2017,52014,9070
09X260,2013,66858,6039
09X260,2014,68636,6951
09X260,2015,69927,6157
09X260,2016,67861,7078
09X260,2017,66568,6573
09X263,2013,48726,12179
09X263,2014,50433,11198
09X263,2015,52554,9821
09X263,2016,50823,12627
09X263,2017,49294,13117
09X276,2013,27858,8547
09X276,2014,26202,9911
09X276,2015,24444,8204
09X276,2016,21410,5040
09X276,2017,19346,4845
09X297,2013,56996,12953
09X297,2014,58015,15964
09X297,2015,61487,15759
09X297,2016,54821,13310
09X297,2017,50162,9684
09X313,2014,21,7
09X324,2013,40544,6807
09X324,2014,40220,6273
09X324,2015,40012,6626
09X324,2016,39139,6358
09X324,2017,36794,6499
09X327,2013,18486,1566
09X327,2014,34110,3554
09X327,2015,48648,5228
09X327,2016,63000,8768
09X327,2017,59669,8232
09X329,2013,41069,10382
09X329,2014,44469,10773
09X329,2015,45359,11905
09X329,2016,38912,8154
09X329,2017,37959,7502
09X350,2016,7644,3685
09X350,2017,11558,4764
09X365,2013,46611,4286
09X365,2014,45043,4588
09X365,2015,48612,4428
09X365,2016,45909,5403
09X365,2017,44962,5451
09X403,2013,53590,10776
09X403,2014,56823,12116
09X403,2015,57000,10588
09X403,2016,55448,12771
09X403,2017,52714,13381
09X404,2013,47165,14699
09X404,2014,47523,14584
09X404,2015,50982,16680
09X404,2016,45338,17171
09X404,2017,40680,20907
09X412,2013,47822,13426
09X412,2014,46340,12087
09X412,2015,43758,11671
09X412,2016,38673,8683
09X412,2017,36298,7921
09X413,2013,42754,3910
09X413,2014,44839,3567
09X413,2015,44473,3479
09X413,2016,39837,2696
09X413,2017,39741,2924
09X414,2013,44506,12925
09X414,2014,29546,9934
09X414,2015,17965,5886
09X414,2016,7584,3314
09X505,2013,67303,7918
09X505,2014,72688,8733
09X505,2015,73913,8019
09X505,2016,69101,9118
09X505,2017,71474,7219
09X517,2013,51186,12031
09X517,2014,52855,13048
09X517,2015,54927,13939
09X517,2016,51605,15667
09X517,2017,50411,15558
09X525,2013,98651,15198
09X525,2014,95809,21058
09X525,2015,92977,20850
09X525,2016,86021,20275
09X525,2017,80473,18049
09X543,2013,43251,12182
09X543,2014,46817,13822
09X543,2015,49261,12910
09X543,2016,40729,13024
09X543,2017,31699,12726
09X564,2013,13004,761
09X564,2014,27445,2590
09X564,2015,39814,4974
09X564,2016,48309,7087
09X564,2017,51273,9568
09X568,2016,11995,927
09X568,2017,21651,1830
10X080,2014,0,39
10X095,2015,0,2
10X141,2013,92768,10839
10X141,2014,97659,10578
10X141,2015,105281,10398
10X141,2016,101880,9482
10X141,2017,103304,8990
10X213,2013,54485,12420
10X213,2014,53611,13181
10X213,2015,57425,11346
10X213,2016,54460,11499
10X213,2017,52177,11656
10X225,2013,47218,6330
10X225,2014,49627,6321
10X225,2015,59795,7439
10X225,2016,57720,10441
10X225,2017,56131,9691
10X237,2013,74685,16077
10X237,2014,74287,16855
10X237,2015,79244,12949
10X237,2016,76731,14938
10X237,2017,69514,15218
10X243,2013,47605,9496
10X243,2014,47798,8618
10X243,2015,48638,6927
10X243,2016,47448,7587
10X243,2017,43784,8600
10X264,2014,17807,1619
10X264,2015,33701,4244
10X264,2016,48312,5845
10X264,2017,60752,8162
10X268,2013,67238,9109
10X268,2014,60670,10965
10X268,2015,62815,9530
10X268,2016,64037,10553
10X268,2017,61974,9209
10X284,2013,55233,11976
10X284,2014,55473,14643
10X284,2015,58218,12760
10X284,2016,51805,12427
10X284,2017,49961,12300
10X319,2013,25189,7783
10X319,2014,27423,6616
10X319,2015,25570,7686
10X319,2016,25621,8300
10X319,2017,26345,8714
10X342,2013,53178,8517
10X342,2014,53379,7967
10X342,2015,59617,4401
10X342,2016,58178,5034
10X342,2017,55847,5274
10X351,2014,13753,2332
10X351,2015,28260,10529
10X351,2016,47307,9906
10X351,2017,60340,14894
10X353,2014,11353,1369
10X353,2015,24857,2899
10X353,2016,41571,5108
10X353,2017,63384,8090
10X368,2013,85651,7580
10X368,2014,88108,6742
10X368,2015,86651,6793
10X368,2016,79106,6562
10X368,2017,71183,7481
10X374,2013,59099,8904
10X374,2014,66185,9995
10X374,2015,68231,11913
10X374,2016,69218,11268
10X374,2017,64741,9004
10X397,2013,37698,11466
10X397,2014,40840,12076
10X397,2015,43860,11771
10X397,2016,44078,11907
10X397,2017,46454,14586
10X433,2013,65037,15466
10X433,2014,65214,14569
10X433,2015,65625,14206
10X433,2016,60151,14680
10X433,2017,59256,13288
10X434,2013,56914,8462
10X434,2014,58001,7502
10X434,2015,62111,7053
10X434,2016,61404,7588
10X434,2017,59218,7197
10X437,2013,56470,5097
10X437,2014,61017,4913
10X437,2015,61875,4932
10X437,2016,56623,5006
10X437,2017,54213,5450
10X438,2013,56296,12803
10X438,2014,61405,12757
10X438,2015,59317,11778
10X438,2016,53627,10295
10X438,2017,47749,5192
10X439,2013,53168,12111
10X439,2014,55252,10529
10X439,2015,55045,11006
10X439,2016,53488,10508
10X439,2017,54030,12085
10X440,2013,462110,118641
10X440,2014,353629,82042
10X440,2015,276333,64052
10X440,2016,213569,43870
10X440,2017,186092,34327
10X442,2013,62108,7392
10X442,2014,63674,7113
10X442,2015,63755,7381
10X442,2016,63640,6294
10X442,2017,62258,6537
10X445,2013,484184,13540
10X445,2014,488046,15578
10X445,2015,491527,14943
10X445,2016,476230,15091
10X445,2017,468986,16043
10X475,2013,46343,14038
10X475,2015,1,54
10X477,2013,67426,4852
10X477,2014,68524,4444
10X477,2015,69905,4528
10X477,2016,67905,4646
10X477,2017,65203,4913
10X503,2013,18294,9434
10X503,2014,17282,8236
10X503,2015,16271,7753
10X503,2016,13096,6903
10X503,2017,10710,7166
10X504,2013,9797,9687
10X504,2014,13200,12494
10X504,2015,9502,11281
10X504,2016,7894,8611
10X504,2017,5469,6666
10X524,2013,22669,3134
10X524,2014,34640,6002
10X524,2015,47170,6555
10X524,2016,43851,8573
10X524,2017,43698,8793
10X546,2013,59838,10148
10X546,2014,58261,12445
10X546,2015,57208,13502
10X546,2016,47239,14807
10X546,2017,47027,13149
10X549,2013,73731,11131
10X549,2014,73017,13823
10X549,2015,75313,12712
10X549,2016,69682,11251
10X549,2017,64883,8696
10X565,2013,15738,1818
10X565,2014,29727,5200
10X565,2015,44323,7247
10X565,2016,56153,9326
10X565,2017,54524,10935
10X660,2013,82135,30094
10X660,2014,43945,18941
10X667,2013,12694,11200
10X667,2014,12289,9855
10X668,2016,7048,5103
10X668,2017,8397,5385
10X696,2013,62220,2094
10X696,2014,61258,2369
10X696,2015,61056,2171
10X696,2016,58111,1849
10X696,2017,59364,1935
11X249,2013,53382,3415
11X249,2014,52790,4216
11X249,2015,57204,4619
11X249,2016,51420,4357
11X249,2017,47998,3728
11X253,2013,58679,8111
11X253,2014,57594,8100
11X253,2015,54212,10811
11X253,2016,49582,10504
11X253,2017,42928,9842
11X265,2013,65872,10911
11X265,2014,63594,14161
11X265,2015,66044,10417
11X265,2016,59258,11556
11X265,2017,51623,12238
11X270,2013,51059,6169
11X270,2014,49251,7677
11X270,2015,51317,9191
11X270,2016,50294,10841
11X270,2017,48434,11424
11X275,2013,78457,9128
11X275,2014,77841,11751
11X275,2015,80773,12631
11X275,2016,75200,10890
11X275,2017,74423,10933
11X288,2013,91656,11794
11X288,2014,93430,13009
11X288,2015,102565,13075
11X288,2016,99925,13694
11X288,2017,89368,10126
11X290,2013,66246,8430
11X290,2014,65471,8633
11X290,2015,69523,8348
11X290,2016,61615,9717
11X290,2017,57835,8142
11X299,2013,64765,12042
11X299,2014,63680,12457
11X299,2015,69026,9439
11X299,2016,64855,9476
11X299,2017,66025,10958
11X415,2013,46782,12015
11X415,2015,9,16
11X417,2013,12551,7105
11X417,2014,13012,6444
11X417,2015,13767,6684
11X417,2016,11507,7257
11X417,2017,7959,6694
11X418,2013,68510,10005
11X418,2014,69233,12254
11X418,2015,68123,10932
11X418,2016,67217,11611
11X418,2017,62798,11753
11X455,2013,252391,34550
11X455,2014,271304,39815
11X455,2015,301859,37081
11X455,2016,301295,33320
11X455,2017,288498,30876
11X508,2013,29847,5022
11X508,2014,45589,8281
11X508,2015,59683,10795
11X508,2016,57397,12744
11X508,2017,58417,11003
11X509,2013,28364,2168
11X509,2014,40126,3790
11X509,2015,53807,6672
11X509,2016,51960,7552
11X509,2017,47927,7060
11X513,2013,60000,5524
11X513,2014,60731,5905
11X513,2015,61188,6385
11X513,2016,56932,4529
11X513,2017,58512,4708
11X514,2013,59484,6623
11X514,2014,60809,7635
11X514,2015,62206,6256
11X514,2016,59361,6911
11X514,2017,58887,6128
11X541,2013,17520,5759
11X542,2013,74157,7744
11X542,2014,69976,7083
11X542,2015,76490,5893
11X542,2016,74158,6487
11X542,2017,71355,7561
11X544,2013,67102,12738
11X544,2014,67443,15108
11X544,2015,65541,17599
11X544,2016,65165,13914
11X544,2017,63380,10704
11X545,2013,51388,9877
11X545,2014,52971,10796
11X545,2015,56310,13463
11X545,2016,51353,10481
11X545,2017,46425,10080
12X190,2014,0,1
12X242,2013,40824,3786
12X242,2014,51543,5813
12X242,2015,55439,6265
12X242,2016,54701,6689
12X242,2017,51779,7224
12X248,2013,45000,6775
12X248,2014,43125,8247
12X248,2015,43402,9078
12X248,2016,42965,10993
12X248,2017,49457,15804
12X251,2013,50996,8949
12X251,2014,47855,9786
12X251,2015,48436,10345
12X251,2016,48742,10552
12X251,2017,45843,10861
12X262,2013,12401,5497
12X267,2013,34876,5020
12X267,2014,41358,4735
12X267,2015,43810,4875
12X267,2016,47220,5292
12X267,2017,47466,5340
12X271,2013,49106,10507
12X271,2014,49095,11409
12X271,2015,49702,11452
12X271,2016,52527,13018
12X271,2017,51063,13253
12X278,2013,25582,9204
12X278,2014,22241,9238
12X278,2015,17798,7949
12X318,2014,31,6
12X321,2017,11541,10010
12X372,2013,34700,5480
12X372,2014,44595,10781
12X372,2015,49702,9361
12X372,2016,48087,10146
12X372,2017,45817,12244
12X384,2014,0,2
12X388,2013,53451,11271
12X388,2014,58583,8538
12X388,2015,61536,7780
12X388,2016,63318,7899
12X388,2017,64620,9081
12X428,2013,7622,10196
12X428,2014,9143,10797
12X428,2015,10429,8092
12X428,2016,10181,9498
12X428,2017,7261,8285
12X446,2013,23335,13967
12X446,2014,22347,12744
12X446,2015,19565,11397
12X446,2016,17416,8538
12X446,2017,16510,7491
12X478,2013,45591,4310
12X478,2014,46979,5058
12X478,2015,50107,5538
12X478,2016,45487,5505
12X478,2017,44287,5659
12X479,2013,37599,11159
12X479,2014,39636,12019
12X479,2015,43906,11486
12X479,2016,39088,12520
12X479,2017,34966,10918
12X480,2013,24631,12065
12X480,2014,23374,12361
12X480,2015,22711,14019
12X480,2016,19410,15811
12X480,2017,17543,13420
12X511,2013,22583,3909
12X511,2014,32836,6482
12X511,2015,48542,10653
12X511,2016,51604,11529
12X511,2017,50860,11768
12X521,2013,28916,5592
12X521,2014,41087,9866
12X521,2015,54088,14568
12X521,2016,56097,13160
12X521,2017,51843,13727
12X550,2013,52232,8774
12X550,2014,51103,9298
12X550,2015,55618,9972
12X550,2016,53497,10610
12X550,2017,55744,14295
12X682,2013,64685,14945
12X682,2014,62626,16178
12X682,2015,63748,14296
12X682,2016,63910,15357
12X682,2017,60007,15089
12X684,2013,71277,13872
12X684,2014,69164,15432
12X684,2015,66362,14713
12X684,2016,60466,15980
12X684,2017,59338,14192
12X690,2013,15607,4833
12X692,2013,56420,17450
12X692,2014,56644,18804
12X692,2015,56446,16758
12X692,2016,50305,15759
12X692,2017,43506,10189
13K265,2013,46783,10426
13K265,2014,42708,14230
13K265,2015,39954,10522
13K265,2016,40794,9659
13K265,2017,33192,10302
13K266,2014,2,38
13K350,2013,56269,10140
13K350,2014,52271,12413
13K350,2015,50811,11489
13K350,2016,42183,9821
13K350,2017,34673,7960
13K412,2013,58885,12633
13K412,2014,55097,10233
13K412,2015,55698,10537
13K412,2016,49564,9867
13K412,2017,54101,11787
13K419,2013,68125,16559
13K419,2014,74643,10281
13K419,2015,77850,8933
13K419,2016,79715,9646
13K419,2017,79602,6439
13K430,2013,848023,35971
13K430,2014,863167,32670
13K430,2015,877576,28890
13K430,2016,876521,31484
13K430,2017,886967,32920
13K439,2013,53493,3700
13K439,2014,52450,3339
13K439,2015,53012,3617
13K439,2016,54251,4701
13K439,2017,53134,4513
13K483,2013,64825,6530
13K483,2014,66957,6247
13K483,2015,67910,6259
13K483,2016,67903,7010
13K483,2017,66484,6842
13K499,2013,90500,23075
13K499,2014,80492,22811
13K499,2015,62327,16383
13K499,2016,46138,13502
13K499,2017,31102,7874
13K509,2014,93,0
13K527,2013,39528,4854
13K527,2014,40940,5540
13K527,2015,42853,4522
13K527,2016,41966,6789
13K527,2017,43585,6398
13K553,2013,19167,6115
13K553,2014,17882,6290
13K553,2015,18929,6938
13K553,2016,16386,7187
13K553,2017,14054,6763
13K575,2013,10436,6388
13K575,2014,11241,5248
13K575,2015,13460,7287
13K575,2016,11929,7923
13K575,2017,10746,8945
13K595,2013,55805,4133
13K595,2014,55691,3022
13K595,2015,57801,2508
13K595,2016,54600,4514
13K595,2017,53656,4027
13K605,2013,111941,18608
13K605,2014,96559,17659
13K605,2015,87947,14527
13K605,2016,85607,13297
13K605,2017,95815,13353
13K616,2013,19532,10858
13K616,2014,19306,13969
13K616,2015,18272,13361
13K616,2016,16689,13391
13K616,2017,14592,13199
13K657,2013,12883,13680
13K657,2014,14404,15382
13K657,2015,12250,18271
13K657,2016,9333,12523
13K657,2017,9350,10993
13K670,2013,130176,13752
13K670,2014,134063,14959
13K670,2015,137496,15886
13K670,2016,128999,19336
13K670,2017,122957,16907
13K674,2013,59317,9241
13K674,2014,65655,6873
13K674,2015,66128,8898
13K674,2016,65900,7602
13K674,2017,62346,7502
14K071,2013,51275,15784
14K071,2014,53636,13599
14K071,2015,55046,8869
14K071,2016,54211,7930
14K071,2017,50713,7906
14K322,2013,17995,6381
14K322,2014,13399,5176
14K322,2015,13168,4568
14K449,2013,79813,4376
14K449,2014,95904,6304
14K449,2015,107079,6495
14K449,2016,102155,7078
14K449,2017,109383,7864
14K454,2013,43212,14387
14K454,2014,41106,11868
14K454,2015,38190,7428
14K454,2016,34935,6377
14K454,2017,33198,6111
14K474,2013,145723,31033
14K474,2014,137436,37848
14K474,2015,145761,30528
14K474,2016,128916,26092
14K474,2017,115041,21697
14K477,2013,84481,24432
14K477,2014,82047,22759
14K477,2015,75548,21383
14K477,2016,62928,18250
14K477,2017,52122,15201
14K478,2013,144488,18009
14K478,2014,146915,19158
14K478,2015,144852,17145
14K478,2016,130470,20018
14K478,2017,123680,21521
14K488,2013,62569,11196
14K488,2014,68490,11512
14K488,2015,72182,8087
14K488,2016,73048,10679
14K488,2017,72770,11955
14K558,2013,78084,8600
14K558,2014,85318,8695
14K558,2015,90553,7694
14K558,2016,84103,8986
14K558,2017,83023,8105
14K561,2013,91906,10714
14K561,2014,98515,10371
14K561,2015,103022,10255
14K561,2016,99232,11356
14K561,2017,98340,10866
14K586,2013,41019,8997
14K586,2014,39879,12366
14K586,2015,44248,11155
14K586,2016,45378,10678
14K586,2017,44124,10529
14K610,2013,71422,21630
14K610,2014,53266,13991
14K610,2015,49929,12073
14K610,2016,46540,12744
14K610,2017,40714,9837
14K614,2013,21905,1867
14K614,2014,29034,2734
14K614,2015,37031,3122
14K614,2016,34774,4089
14K614,2017,33063,4357
14K632,2013,19680,3541
14K632,2014,19060,4007
14K632,2015,19005,3303
14K632,2016,15510,2146
14K685,2013,31341,6222
14K685,2014,31742,5982
14K685,2015,32918,5713
14K685,2016,34631,5801
14K685,2017,32189,7176
14K923,2013,17515,10142
14K923,2014,16448,11866
14K923,2015,14335,11776
14K923,2016,11361,16015
14K923,2017,5990,13739
15K423,2013,16369,5456
15K423,2014,19872,7046
15K423,2015,22702,6218
15K423,2016,20416,6552
15K423,2017,17877,6999
15K429,2013,29972,4696
15K429,2014,26004,4970
15K429,2015,22940,4205
15K429,2016,23075,3403
15K429,2017,22767,2781
15K448,2013,51952,7000
15K448,2014,54550,7832
15K448,2015,55544,10095
15K448,2016,55289,11338
15K448,2017,53701,10514
15K462,2013,57382,9310
15K462,2014,54939,7812
15K462,2015,50474,8224
15K462,2016,48962,8872
15K462,2017,56516,9688
15K463,2013,38992,6245
15K463,2014,37034,7209
15K463,2015,37211,9191
15K463,2016,29792,6835
15K463,2017,30876,6086
15K464,2013,38110,8092
15K464,2014,40591,5621
15K464,2015,44639,5483
15K464,2016,51986,6765
15K464,2017,57364,8571
15K497,2013,44511,6668
15K497,2014,47932,10039
15K497,2015,48402,7408
15K497,2016,39539,9123
15K497,2017,36385,8985
15K519,2013,81742,15165
15K519,2014,77380,14486
15K519,2015,80663,16744
15K519,2016,77423,17640
15K519,2017,75283,18418
15K529,2013,23313,9497
15K529,2014,23957,9368
15K529,2015,23088,10040
15K529,2016,21189,9750
15K529,2017,21137,11650
15K530,2013,7573,3976
15K592,2013,7417,1209
15K592,2014,16085,2487
15K592,2015,25503,2911
15K592,2016,32771,5231
15K592,2017,35586,6527
15K656,2013,111805,11771
15K656,2014,122206,10588
15K656,2015,131260,12826
15K656,2016,137118,12495
15K656,2017,128028,11102
15K667,2013,181089,27418
15K667,2014,181412,32830
15K667,2015,185706,31548
15K667,2016,180168,29834
15K667,2017,174390,27283
15K684,2013,35012,1833
15K684,2014,61120,3213
15K684,2015,88908,5797
15K684,2016,95842,6443
15K684,2017,100253,6294
15K698,2013,15084,8030
15K698,2014,14557,9215
15K698,2015,13732,12268
15K698,2016,14498,13223
15K698,2017,15437,13571
16K393,2013,21832,5036
16K393,2014,16452,3953
16K393,2015,11870,3180
16K393,2016,10275,1881
16K455,2013,139926,40470
16K455,2014,112039,42695
16K455,2015,74171,20474
16K455,2016,48428,10454
16K455,2017,53441,9680
16K498,2013,65368,7352
16K498,2014,77262,7719
16K498,2015,90164,9812
16K498,2016,89839,12886
16K498,2017,87170,15114
16K594,2013,35502,8061
16K594,2014,31336,7610
16K594,2015,28815,8259
16K594,2016,23501,7636
16K594,2017,24042,6814
16K669,2014,12779,9949
16K669,2015,19074,12153
16K669,2016,23286,13990
16K669,2017,19564,15265
16K688,2013,22857,5277
16K688,2014,18873,5438
16K688,2015,19910,4828
16K688,2016,16780,4330
16K688,2017,13734,3913
16K765,2015,17395,2973
16K765,2016,27664,7157
16K765,2017,32898,9261
16K959,2013,13808,12197
16K959,2014,13111,11718
16K959,2015,12727,8359
16K959,2016,13300,7130
16K959,2017,8950,6332
17K061,2013,0,3
17K061,2015,4,18
17K122,2013,34593,2515
17K122,2014,49135,5380
17K122,2015,66655,5661
17K122,2016,79173,6260
17K122,2017,84279,6847
17K382,2013,53007,10610
17K382,2014,46968,14613
17K382,2015,48468,10214
17K382,2016,39503,10337
17K382,2017,36059,7145
17K408,2013,41727,9336
17K408,2014,39053,10868
17K408,2015,38517,8162
17K408,2016,27070,7247
17K408,2017,24331,5300
17K467,2013,14234,10707
17K467,2014,14325,12428
17K467,2015,10465,14615
17K467,2016,9568,14103
17K467,2017,6454,13854
17K489,2013,13634,7898
17K489,2014,12430,7602
17K489,2015,11152,6605
17K489,2016,10545,6447
17K489,2017,8846,5651
17K524,2013,57773,7688
17K524,2014,56315,9867
17K524,2015,56519,8395
17K524,2016,55115,7662
17K524,2017,58168,7682
17K528,2013,42929,6178
17K528,2014,37714,5584
17K528,2015,36111,5215
17K528,2016,33014,4560
17K528,2017,30021,3442
17K531,2013,39778,2885
17K531,2014,41681,2799
17K531,2015,45241,4285
17K531,2016,43933,5248
17K531,2017,41495,3586
17K533,2013,35572,8176
17K533,2014,34403,8788
17K533,2015,34836,8788
17K533,2016,29898,9073
17K537,2013,52214,8633
17K537,2014,51474,5205
17K537,2015,56602,7275
17K537,2016,55802,8149
17K537,2017,60725,8555
17K539,2013,57365,9238
17K539,2014,61473,9906
17K539,2015,62614,9790
17K539,2016,57514,10773
17K539,2017,50471,9696
17K543,2013,49361,2443
17K543,2014,52702,2664
17K543,2015,51778,2466
17K543,2016,52415,2224
17K543,2017,54583,2073
17K544,2013,25632,6761
17K544,2014,10016,3156
17K546,2013,64774,5172
17K546,2014,66435,5266
17K546,2015,69800,5710
17K546,2016,70577,5207
17K546,2017,68297,4820
17K547,2013,69457,7445
17K547,2014,70707,7184
17K547,2015,69167,6853
17K547,2016,62259,6942
17K547,2017,55480,6094
17K548,2013,54787,7534
17K548,2014,56622,7151
17K548,2015,56482,7211
17K548,2016,48274,7861
17K548,2017,41811,8467
17K568,2013,19092,7325
17K568,2014,22665,7520
17K568,2015,21611,7544
17K568,2016,17854,8923
17K568,2017,14553,7339
17K590,2013,140953,10749
17K590,2014,147291,13817
17K590,2015,153062,9093
17K590,2016,137456,17723
17K590,2017,132735,15809
17K600,2013,234633,24440
17K600,2014,218142,31203
17K600,2015,215080,29276
17K600,2016,193768,21673
17K600,2017,175226,22553
17K625,2013,15164,6440
17K745,2013,14471,1353
17K745,2014,27606,1703
17K745,2015,40356,2646
17K745,2016,53269,4347
17K745,2017,54456,4227
17K751,2013,32234,5124
17K751,2014,43559,8703
17K751,2015,51810,9607
17K751,2016,50106,10000
17K751,2017,49911,10598
18K285,2015,1,4
18K563,2013,61176,7083
18K563,2014,75876,8492
18K563,2015,86937,7766
18K563,2016,93368,8694
18K563,2017,105233,10520
18K566,2013,40298,8123
18K566,2014,40126,7496
18K566,2015,41484,3869
18K566,2016,32977,4120
18K566,2017,31873,3358
18K567,2013,52060,8568
18K567,2014,55144,9651
18K567,2015,54424,9804
18K567,2016,47829,11132
18K567,2017,49283,10631
18K569,2013,40224,6033
18K569,2014,42192,6095
18K569,2015,51738,5152
18K569,2016,53032,5786
18K569,2017,53770,6742
18K576,2013,46416,5743
18K576,2014,47145,6223
18K576,2015,48544,5011
18K576,2016,47815,5144
18K576,2017,46561,6487
18K578,2013,20920,9630
18K578,2014,18751,9216
18K578,2015,19765,9537
18K578,2016,20884,12805
18K578,2017,17014,10161
18K589,2013,37067,7022
18K589,2014,37927,8203
18K589,2015,36359,6751
18K589,2016,31661,5492
18K617,2013,43259,9102
18K617,2014,42498,7366
18K617,2015,43560,6690
18K617,2016,41842,6497
18K617,2017,39736,6248
18K629,2013,41858,7802
18K629,2014,42507,9167
18K629,2015,48895,9576
18K629,2016,50341,7074
18K629,2017,47198,7341
18K633,2013,69600,5168
18K633,2014,65949,6196
18K633,2015,65757,5906
18K633,2016,64145,5633
18K633,2017,62486,6543
18K635,2013,16836,11015
18K635,2014,15097,11275
18K635,2015,17396,11651
18K635,2016,16034,13274
18K635,2017,18995,12858
18K637,2013,38712,8376
18K637,2014,38603,7059
18K637,2015,41841,7599
18K637,2016,40265,8452
18K637,2017,36145,7834
18K642,2013,40461,7619
18K642,2014,42283,7735
18K642,2015,41721,8199
18K642,2016,38540,9399
18K642,2017,38742,9388
18K673,2013,16776,8280
18K673,2014,20560,8382
18K673,2015,19514,8633
18K673,2016,20335,7179
18K673,2017,21001,8500
18K922,2013,13245,8405
18K922,2014,11537,8363
18K922,2015,8094,6734
18K922,2016,7361,7553
18K922,2017,6278,9129
19K218,2014,0,31
19K302,2014,12,9
19K404,2013,52607,9293
19K404,2014,60859,8382
19K404,2015,57328,7255
19K404,2016,52696,6327
19K404,2017,51383,7092
19K409,2013,41111,4522
19K409,2014,41785,4609
19K409,2015,41077,5599
19K409,2016,40188,4622
19K409,2017,40013,5371
19K422,2016,12366,1219
19K422,2017,25432,2315
19K431,2013,14690,11260
19K431,2014,15654,13632
19K431,2015,11798,13339
19K431,2016,10257,13912
19K431,2017,7037,12265
19K501,2013,16103,9932
19K501,2014,13321,11294
19K501,2015,9978,10792
19K501,2016,11660,10183
19K501,2017,9968,8369
19K502,2013,44487,10622
19K502,2014,38740,8867
19K502,2015,42555,10219
19K502,2016,42655,9737
19K502,2017,41798,10758
19K504,2013,44722,13476
19K504,2014,42724,14246
19K504,2015,39366,12910
19K504,2016,33291,12884
19K504,2017,31500,11260
19K507,2013,56266,14309
19K507,2014,56179,13190
19K507,2015,53600,12399
19K507,2016,58807,11189
19K507,2017,64762,10461
19K510,2013,44725,12793
19K510,2014,40536,9856
19K510,2015,36552,8452
19K510,2016,33168,7045
19K510,2017,32026,7477
19K583,2013,44305,14416
19K583,2014,38395,12125
19K583,2015,33355,6000
19K583,2016,29526,3554
19K583,2017,30865,3311
19K615,2013,170610,23355
19K615,2014,160935,23972
19K615,2015,154774,26128
19K615,2016,135409,23622
19K615,2017,110049,21161
19K618,2013,54226,11071
19K618,2014,54588,14083
19K618,2015,56123,12095
19K618,2016,56164,9130
19K618,2017,55453,7863
19K639,2013,43298,16708
19K639,2014,40545,16711
19K639,2015,40690,14583
19K639,2016,39718,12891
19K639,2017,41743,10883
19K659,2013,54671,12351
19K659,2014,47416,13351
19K659,2015,42745,11815
19K659,2016,31103,6281
19K659,2017,29618,3816
19K660,2013,56499,15543
19K660,2014,55942,16676
19K660,2015,59639,21803
19K660,2016,57710,19840
19K660,2017,52805,16451
19K683,2013,44568,8424
19K683,2014,42675,8387
19K683,2015,42982,8220
19K683,2016,41431,8835
19K683,2017,42032,8292
19K764,2015,10434,1310
19K764,2016,22212,3330
19K764,2017,32327,4799
20K445,2013,431270,98963
20K445,2014,454088,79984
20K445,2015,506372,67276
20K445,2016,497342,85124
20K445,2017,505796,76685
20K485,2013,190357,17700
20K485,2014,196695,15853
20K485,2015,206120,14801
20K485,2016,192927,15709
20K485,2017,188482,14626
20K490,2013,636608,69786
20K490,2014,641626,56249
20K490,2015,671356,48193
20K490,2016,649423,68298
20K490,2017,646509,71993
20K505,2013,421791,74427
20K505,2014,437778,75504
20K505,2015,450032,79356
20K505,2016,458798,62181
20K505,2017,448781,57341
20K609,2013,33521,4338
20K609,2014,43816,5287
20K609,2015,47576,4838
20K609,2016,48425,4811
20K609,2017,48580,5598
20K658,2013,15539,17100
20K658,2014,16136,14091
20K658,2015,15583,18850
20K658,2016,13796,13206
20K658,2017,10072,11117
21K337,2013,50709,7142
21K337,2014,50204,5665
21K337,2015,53761,5441
21K337,2016,51130,5984
21K337,2017,51255,6407
21K344,2013,67916,13609
21K344,2014,70393,12373
21K344,2015,79420,12829
21K344,2016,77642,13194
21K344,2017,80288,12594
21K348,2013,44906,9937
21K348,2014,42933,9076
21K348,2015,38291,9063
21K348,2016,33044,9663
21K348,2017,34177,8235
21K410,2013,335752,51065
21K410,2014,321353,56959
21K410,2015,313400,65264
21K410,2016,289394,51875
21K410,2017,279041,45397
21K411,2013,17457,12293
21K411,2014,16755,8126
21K411,2015,16839,8921
21K411,2016,12712,9229
21K411,2017,12670,9154
21K468,2013,46383,4849
21K468,2014,48570,5053
21K468,2015,51996,4970
21K468,2016,51649,5143
21K468,2017,51862,5008
21K525,2013,588822,58675
21K525,2014,599969,55519
21K525,2015,600179,56072
21K525,2016,572040,57252
21K525,2017,562501,57647
21K540,2013,270234,38425
21K540,2014,269113,39143
21K540,2015,286059,48607
21K540,2016,303284,46435
21K540,2017,322791,43014
21K559,2013,34346,6997
21K559,2014,35826,6249
21K559,2015,37999,4982
21K559,2016,40513,5265
21K559,2017,41116,5583
21K572,2013,35641,5744
21K572,2014,37183,7378
21K572,2015,38216,5353
21K572,2016,40366,6362
21K572,2017,44667,6916
21K620,2013,95418,24768
21K620,2014,81984,17659
21K620,2015,80821,17370
21K620,2016,71328,13914
21K620,2017,67345,14796
21K690,2013,88444,14520
21K690,2014,93062,12360
21K690,2015,94238,10970
21K690,2016,95835,12985
21K690,2017,90512,13409
21K728,2013,17393,9661
21K728,2014,16481,12297
21K728,2015,16356,13629
21K728,2016,15725,13817
21K728,2017,15560,12945
22K014,2013,3,4
22K405,2013,585925,43083
22K405,2014,594620,39623
22K405,2015,593446,38785
22K405,2016,606109,46735
22K405,2017,597903,49943
22K425,2013,457497,47696
22K425,2014,456301,43903
22K425,2015,475253,40068
22K425,2016,490260,38671
22K425,2017,514249,32489
22K495,2013,199805,63021
22K495,2014,128107,47177
22K495,2015,65463,19160
22K495,2016,21114,9089
22K535,2013,157578,8769
22K535,2014,164395,7391
22K535,2015,173525,7135
22K535,2016,162304,7352
22K535,2017,158976,7008
22K555,2013,89676,4224
22K555,2014,92816,3901
22K555,2015,96418,4146
22K555,2016,94026,4070
22K555,2017,95464,4644
22K611,2014,13671,1749
22K611,2015,31400,3976
22K611,2016,47351,7047
22K611,2017,57824,11635
22K630,2014,12074,5453
22K630,2015,18942,9581
22K630,2016,18104,13936
22K630,2017,18061,13650
23K493,2013,48025,10705
23K493,2014,48072,10365
23K493,2015,46390,12246
23K493,2016,43778,6923
23K493,2017,41047,7024
23K514,2013,43873,8172
23K514,2014,42478,9681
23K514,2015,41045,11522
23K514,2016,32291,7737
23K514,2017,26304,5627
23K643,2013,19244,10923
23K643,2014,18372,10394
23K643,2015,18424,9847
23K643,2016,17665,8726
23K643,2017,17026,13401
23K644,2013,26428,2332
23K644,2014,34231,4685
23K644,2015,49165,4915
23K644,2016,49880,5217
23K644,2017,55262,5912
23K646,2013,23533,13231
23K646,2014,22639,13075
23K646,2015,23639,12694
23K646,2016,22023,12675
23K646,2017,22223,12559
23K647,2013,19706,10357
23K647,2014,18166,8083
23K647,2015,19268,9136
23K647,2016,18902,9101
23K647,2017,18528,9694
23K697,2013,53541,10304
23K697,2014,48453,11088
23K697,2015,42127,9564
23K697,2016,37051,8941
23K697,2017,29723,7255
24Q005,2013,0,177
24Q005,2014,63,67
24Q005,2015,1,181
24Q073,2014,0,4
24Q236,2014,10531,872
24Q236,2015,24592,1923
24Q236,2016,33192,3679
24Q236,2017,41636,5663
24Q264,2013,67363,4782
24Q264,2014,71533,5060
24Q264,2015,74414,5772
24Q264,2016,78198,6502
24Q264,2017,85327,6358
24Q267,2013,58870,8801
24Q267,2014,60129,8247
24Q267,2015,61193,8148
24Q267,2016,57750,8062
24Q267,2017,58986,7424
24Q293,2013,64646,8209
24Q293,2014,65787,7878
24Q293,2015,72539,7887
24Q293,2016,70010,7148
24Q293,2017,73617,8195
24Q296,2013,51815,7059
24Q296,2014,51586,7482
24Q296,2015,54188,6213
24Q296,2016,60577,5819
24Q296,2017,70932,6320
24Q299,2013,94536,3320
24Q299,2014,96612,2330
24Q299,2015,101913,2717
24Q299,2016,96548,2644
24Q299,2017,94753,2523
24Q455,2013,306445,51417
24Q455,2014,278549,48405
24Q455,2015,271540,41925
24Q455,2016,278118,38370
24Q455,2017,276248,30246
24Q457,2013,13729,10291
24Q457,2014,15491,8490
24Q457,2015,12588,9682
24Q457,2016,11164,9958
24Q457,2017,13348,19120
24Q485,2013,246018,63989
24Q485,2014,239850,63846
24Q485,2015,240733,52179
24Q485,2016,234881,43830
24Q485,2017,233812,48309
24Q520,2013,73492,6348
24Q520,2014,73903,6116
24Q520,2015,77859,6023
24Q520,2016,77894,5665
24Q520,2017,74546,6268
24Q530,2013,74949,5360
24Q530,2014,76378,6018
24Q530,2015,76081,6958
24Q530,2016,76298,6516
24Q530,2017,77088,7031
24Q550,2013,125998,13083
24Q550,2014,130477,14656
24Q550,2015,130642,13847
24Q550,2016,121521,11573
24Q550,2017,118980,10979
24Q560,2013,71224,9873
24Q560,2014,75524,9380
24Q560,2015,77257,7794
24Q560,2016,75087,8831
24Q560,2017,72393,6127
24Q585,2013,72240,5050
24Q585,2014,114668,8562
24Q585,2015,149352,12313
24Q585,2016,149629,13270
24Q585,2017,154184,12879
24Q600,2013,213525,25043
24Q600,2014,220436,26981
24Q600,2015,232899,23923
24Q600,2016,232612,24367
24Q600,2017,222071,24788
24Q610,2013,346768,15924
24Q610,2014,347347,17312
24Q610,2015,344855,17828
24Q610,2016,336690,14696
24Q610,2017,330736,10923
24Q744,2013,25362,10035
24Q744,2014,20708,8963
24Q744,2015,20032,11202
24Q744,2016,19091,11685
24Q744,2017,21740,11717
25Q240,2014,19119,1812
25Q240,2015,40920,4190
25Q240,2016,61702,6786
25Q240,2017,78578,9300
25Q241,2014,12401,743
25Q241,2015,31852,2089
25Q241,2016,45945,2351
25Q241,2017,60946,3406
25Q252,2013,47754,3224
25Q252,2014,47926,2846
25Q252,2015,48604,2995
25Q252,2016,49088,3069
25Q252,2017,49119,3569
25Q263,2013,64259,4236
25Q263,2014,62667,4201
25Q263,2015,65270,5606
25Q263,2016,62978,6653
25Q263,2017,63389,6311
25Q281,2013,55784,5809
25Q281,2014,55186,6324
25Q281,2015,57516,5494
25Q281,2016,52522,5950
25Q281,2017,50961,5212
25Q285,2013,53783,5238
25Q285,2014,55437,5329
25Q285,2015,57647,4841
25Q285,2016,54482,4611
25Q285,2017,49565,4041
25Q425,2013,483505,98885
25Q425,2014,492485,101087
25Q425,2015,493228,105055
25Q425,2016,479866,78407
25Q425,2017,492040,81757
25Q460,2013,396802,83576
25Q460,2014,339179,66716
25Q460,2015,300202,61393
25Q460,2016,255434,42751
25Q460,2017,237348,42636
25Q467,2013,17852,9797
25Q467,2014,18772,14245
25Q467,2015,17239,13045
25Q467,2016,17026,13140
25Q467,2017,16726,12907
25Q525,2013,178264,4340
25Q525,2014,183806,5265
25Q525,2015,187274,4618
25Q525,2016,183898,4872
25Q525,2017,175548,4883
25Q540,2013,38424,19270
25Q540,2014,33325,18458
25Q540,2015,34939,24425
25Q540,2016,31846,25994
25Q540,2017,31017,27349
25Q670,2013,101504,11726
25Q670,2014,99428,11968
25Q670,2015,107415,9234
25Q670,2016,108273,9808
25Q670,2017,106491,11740
25Q792,2013,20062,11779
25Q792,2014,20780,11171
25Q792,2015,19052,11557
25Q792,2016,17530,11293
25Q792,2017,17197,11336
26Q067,2015,4,2
26Q315,2015,17662,1188
26Q315,2016,30491,3339
26Q315,2017,46976,5505
26Q415,2013,559099,55172
26Q415,2014,546863,46155
26Q415,2015,546897,38969
26Q415,2016,550816,39032
26Q415,2017,556555,45850
26Q430,2013,619094,55136
26Q430,2014,615045,56018
26Q430,2015,649125,46938
26Q430,2016,644594,58100
26Q430,2017,677977,56221
26Q435,2013,288977,65794
26Q435,2014,262998,57391
26Q435,2015,237975,44055
26Q435,2016,202125,34116
26Q435,2017,166872,25483
26Q495,2013,480417,48599
26Q495,2014,475880,46014
26Q495,2015,509080,37645
26Q495,2016,487685,41703
26Q495,2017,477405,34445
26Q566,2013,179605,17506
26Q566,2014,172003,16499
26Q566,2015,169523,14787
26Q566,2016,165260,15144
26Q566,2017,162131,16074
27Q053,2013,9,1
27Q226,2015,0,2
27Q260,2013,54546,15589
27Q260,2014,50838,16207
27Q260,2015,52707,11180
27Q260,2016,50555,8999
27Q260,2017,46082,9643
27Q261,2014,13576,6248
27Q261,2015,21092,9448
27Q261,2016,26187,12274
27Q261,2017,27577,15778
27Q262,2013,59984,9516
27Q262,2014,66098,8355
27Q262,2015,72617,7707
27Q262,2016,72331,9207
27Q262,2017,70749,8918
27Q302,2013,38503,8197
27Q302,2014,46070,7072
27Q302,2015,54458,8860
27Q302,2016,56181,11052
27Q302,2017,60080,11093
27Q308,2013,88685,8459
27Q308,2014,89654,7938
27Q308,2015,92979,7932
27Q308,2016,92712,7069
27Q308,2017,91990,7599
27Q309,2013,51432,8701
27Q309,2014,56600,10878
27Q309,2015,57353,11139
27Q309,2016,54935,9988
27Q309,2017,57791,9878
27Q314,2015,13161,1726
27Q314,2016,24227,4260
27Q314,2017,36621,6936
27Q323,2013,67642,4385
27Q323,2014,73129,3822
27Q323,2015,80775,4015
27Q323,2016,86389,4442
27Q323,2017,96650,5144
27Q324,2013,35065,10369
27Q324,2014,44440,12361
27Q324,2015,47260,13191
27Q324,2016,45124,12488
27Q324,2017,41386,9908
27Q334,2015,14667,1212
27Q334,2016,28757,2663
27Q334,2017,40748,5100
27Q351,2013,26845,6749
27Q351,2014,41332,10593
27Q351,2015,52547,12603
27Q351,2016,49463,10426
27Q351,2017,47154,10646
27Q400,2013,112427,41128
27Q400,2014,103374,28444
27Q400,2015,84258,22569
27Q400,2016,56715,13251
27Q400,2017,47409,10406
27Q410,2013,31961,23520
27Q475,2013,299508,76575
27Q475,2014,298581,61091
27Q475,2015,306559,52990
27Q475,2016,272100,45891
27Q475,2017,247226,38388
27Q480,2013,402944,102591
27Q480,2014,370092,86903
27Q480,2015,351600,74792
27Q480,2016,317407,59076
27Q480,2017,299792,49843
27Q487,2013,16571,7218
27Q487,2014,16593,6682
27Q487,2015,16220,5664
27Q487,2016,14741,5217
27Q487,2017,12395,5504
27Q650,2013,142033,10944
27Q650,2014,146202,9314
27Q650,2015,151374,9149
27Q650,2016,151261,9496
27Q650,2017,154535,10413
28Q157,2013,11877,1106
28Q157,2014,8384,1116
28Q157,2015,11531,1736
28Q157,2016,16132,1359
28Q157,2017,7556,733
28Q167,2013,20116,966
28Q167,2014,37331,2162
28Q167,2015,56129,3184
28Q167,2016,70444,4429
28Q167,2017,67115,5012
28Q190,2014,1,87
28Q190,2015,0,182
28Q284,2013,48568,2171
28Q284,2014,49781,2498
28Q284,2015,53897,2129
28Q284,2016,53385,2807
28Q284,2017,54078,2735
28Q310,2013,57683,8492
28Q310,2014,57201,8444
28Q310,2015,59346,9454
28Q310,2016,59432,7560
28Q310,2017,60564,7282
28Q325,2013,46224,6792
28Q325,2014,60715,9192
28Q325,2015,66087,10532
28Q325,2016,67632,11316
28Q325,2017,66254,11554
28Q328,2013,37477,6640
28Q328,2014,47796,10799
28Q328,2015,57411,11724
28Q328,2016,59227,13905
28Q328,2017,63149,9672
28Q338,2013,23583,11404
28Q338,2014,21973,11315
28Q338,2015,20677,9527
28Q338,2016,17441,8275
28Q338,2017,18533,9571
28Q350,2013,46255,3760
28Q350,2014,60209,5741
28Q350,2015,78159,8018
28Q350,2016,75783,8402
28Q350,2017,74914,10106
28Q440,2013,557758,63282
28Q440,2014,556472,64648
28Q440,2015,580810,56402
28Q440,2016,566059,60998
28Q440,2017,563655,61983
28Q470,2013,29856,8907
28Q505,2013,433413,61573
28Q505,2014,466718,56572
28Q505,2015,490734,54650
28Q505,2016,472599,66264
28Q505,2017,473533,71772
28Q620,2013,330989,28033
28Q620,2014,326788,25777
28Q620,2015,326237,21677
28Q620,2016,323390,24770
28Q620,2017,312783,23822
28Q680,2013,80111,3605
28Q680,2014,78036,4375
28Q680,2015,78124,3666
28Q680,2016,69729,3184
28Q680,2017,65695,3287
28Q686,2013,139199,14714
28Q686,2014,167773,19683
28Q686,2015,158805,15541
28Q686,2016,158335,14684
28Q686,2017,158439,14120
28Q687,2013,63125,2072
28Q687,2014,67015,1969
28Q687,2015,69107,2184
28Q687,2016,69047,2371
28Q687,2017,73151,1999
28Q690,2013,77916,9762
28Q690,2014,82155,10218
28Q690,2015,92959,7325
28Q690,2016,86100,8883
28Q690,2017,76231,9740
28Q896,2013,40817,4597
28Q896,2014,46699,5181
28Q896,2015,48414,4757
28Q896,2016,47467,3912
28Q896,2017,49605,3277
29Q109,2015,3,3
29Q147,2015,0,3
29Q238,2015,5,21
29Q243,2014,12874,1591
29Q243,2015,30755,3056
29Q243,2016,43626,5620
29Q243,2017,59094,7595
29Q248,2013,62628,9829
29Q248,2014,63686,11138
29Q248,2015,67952,10902
29Q248,2016,62484,12140
29Q248,2017,62377,12630
29Q259,2013,45199,7410
29Q259,2014,50333,6063
29Q259,2015,57787,6042
29Q259,2016,54091,5699
29Q259,2017,54078,5457
29Q265,2013,63612,9624
29Q265,2014,68537,8958
29Q265,2015,72006,8401
29Q265,2016,71810,9163
29Q265,2017,69099,10282
29Q272,2013,70107,7222
29Q272,2014,74337,6955
29Q272,2015,75788,8300
29Q272,2016,73792,7711
29Q272,2017,68980,9471
29Q283,2013,44531,4057
29Q283,2014,50796,5124
29Q283,2015,57844,7042
29Q283,2016,59777,8212
29Q283,2017,57743,9976
29Q313,2015,17296,1530
29Q313,2016,31311,3747
29Q313,2017,45023,6901
29Q326,2013,35607,3827
29Q326,2014,50948,6603
29Q326,2015,54509,8271
29Q326,2016,55388,10174
29Q326,2017,49299,8217
29Q327,2014,12619,1608
29Q327,2015,26155,3004
29Q327,2016,33101,5179
29Q327,2017,39652,3814
29Q492,2013,57542,11310
29Q492,2014,54150,11159
29Q492,2015,64395,7788
29Q492,2016,59664,10865
29Q492,2017,51980,12739
29Q494,2013,51923,10789
29Q494,2014,33763,9602
29Q494,2015,17881,3327
29Q496,2013,41240,8439
29Q496,2014,24262,6671
29Q496,2015,13708,2096
29Q498,2013,70270,10841
29Q498,2014,72000,11800
29Q498,2015,74751,10515
29Q498,2016,70167,8304
29Q498,2017,64006,10251
30Q258,2014,18592,1318
30Q258,2015,36290,1996
30Q258,2016,51260,3624
30Q258,2017,66010,4489
30Q286,2013,48572,2549
30Q286,2014,49006,3327
30Q286,2015,50720,3046
30Q286,2016,48972,3180
30Q286,2017,49146,2943
30Q301,2013,66122,4802
30Q301,2014,71948,5119
30Q301,2015,80461,5004
30Q301,2016,83207,5169
30Q301,2017,82206,5861
30Q445,2013,397701,48139
30Q445,2014,382677,45434
30Q445,2015,363335,49569
30Q445,2016,355103,42478
30Q445,2017,338073,42003
30Q450,2013,386666,100153
30Q450,2014,318146,86895
30Q450,2015,274962,67937
30Q450,2016,269052,55314
30Q450,2017,285499,46613
30Q501,2013,115576,10892
30Q501,2014,116616,7370
30Q501,2015,127394,6870
30Q501,2016,126967,6597
30Q501,2017,129107,9082
30Q502,2013,134407,13212
30Q502,2014,133354,17018
30Q502,2015,143511,16162
30Q502,2016,139305,15335
30Q502,2017,142308,16232
30Q555,2013,143454,12528
30Q555,2014,138860,18671
30Q555,2015,151092,15257
30Q555,2016,137257,13904
30Q555,2017,140860,17565
30Q575,2013,113900,8058
30Q575,2014,122775,8995
30Q575,2015,136559,8584
30Q575,2016,136936,10052
30Q575,2017,151795,9821
30Q580,2013,43812,1563
30Q580,2014,50582,1777
30Q580,2015,52505,1831
30Q580,2016,48068,2468
30Q580,2017,46941,2658
31R027,2014,0,2
31R047,2013,77555,5435
31R047,2014,81426,5057
31R047,2015,82501,4551
31R047,2016,76476,4496
31R047,2017,75606,3868
31R064,2013,63580,7293
31R064,2014,67473,8529
31R064,2015,72982,7107
31R064,2016,66040,7053
31R064,2017,64054,6235
31R080,2013,69043,8308
31R080,2014,71737,7032
31R080,2015,71436,7803
31R080,2016,73613,7259
31R080,2017,69605,6209
31R440,2013,372387,51618
31R440,2014,387123,51026
31R440,2015,407699,50176
31R440,2016,416997,50466
31R440,2017,411769,61810
31R445,2013,260931,44814
31R445,2014,245276,39887
31R445,2015,230430,32831
31R445,2016,204833,34656
31R445,2017,211408,34520
31R450,2013,337556,43574
31R450,2014,344485,43668
31R450,2015,350566,55140
31R450,2016,343473,63227
31R450,2017,347086,59393
31R455,2013,560190,60155
31R455,2014,580592,62541
31R455,2015,605616,58628
31R455,2016,573111,63332
31R455,2017,569699,60116
31R460,2013,494204,55130
31R460,2014,502149,59383
31R460,2015,504540,50666
31R460,2016,502034,48872
31R460,2017,481005,51901
31R470,2013,18327,6867
31R470,2014,17856,6462
31R470,2015,17146,6029
31R470,2016,16956,6440
31R470,2017,17566,7083
31R600,2013,80919,18938
31R600,2014,84830,16167
31R600,2015,88021,12829
31R600,2016,90931,14101
31R600,2017,105074,15142
31R605,2013,186549,7603
31R605,2014,194722,7706
31R605,2015,201946,7409
31R605,2016,201562,7033
31R605,2017,206006,7476
31R607,2013,6188,3623
31R607,2014,9111,7937
31R607,2015,13736,7992
31R607,2016,12303,8947
31R607,2017,9297,9048
32K168,2013,17664,3016
32K168,2014,28859,4279
32K168,2015,36022,5136
32K168,2016,37870,5975
32K168,2017,38376,5293
32K403,2013,43047,11105
32K403,2014,45721,10366
32K403,2015,45481,10325
32K403,2016,42330,9013
32K403,2017,36822,9208
32K545,2013,72968,11399
32K545,2014,71125,13137
32K545,2015,72845,13174
32K545,2016,72559,12771
32K545,2017,70734,10872
32K549,2013,55291,13566
32K549,2014,53602,12480
32K549,2015,53024,13233
32K549,2016,49084,12819
32K549,2017,48384,13363
32K552,2013,43059,15279
32K552,2014,37850,10061
32K552,2015,36324,7937
32K552,2016,30939,5766
32K552,2017,27023,3479
32K554,2013,21594,1606
32K554,2014,22644,1338
32K554,2015,28390,1850
32K554,2016,31042,1974
32K554,2017,34603,2724
32K556,2013,55497,11922
32K556,2014,48101,11046
32K556,2015,43372,9288
32K556,2016,37628,8184
32K556,2017,36130,8367
32K564,2013,28386,18542
32K564,2014,30016,15074
32K564,2015,25727,13442
32K564,2016,21261,13407
32K564,2017,19107,13209
75K036,2013,4530,1263
75K036,2014,4384,1158
75K036,2015,4146,1089
75K036,2016,4304,660
75K036,2017,4367,908
75K053,2013,21334,5130
75K053,2014,24082,4162
75K053,2015,24603,3898
75K053,2016,27305,4102
75K053,2017,29231,3858
75K077,2013,18644,2619
75K077,2014,18600,2397
75K077,2015,19472,2105
75K077,2016,18952,1947
75K077,2017,17632,2076
75K140,2013,0,5
75K140,2014,0,1
75K141,2013,2270,462
75K141,2014,3630,421
75K141,2015,4070,635
75K141,2016,3617,960
75K141,2017,3211,1113
75K368,2013,8436,2490
75K368,2014,9403,2322
75K368,2015,9127,2078
75K368,2016,8460,2449
75K368,2017,8441,3045
75K369,2013,13784,4163
75K369,2014,14629,4451
75K369,2015,15971,3446
75K369,2016,16384,4383
75K369,2017,15514,4843
75K370,2013,13493,5073
75K370,2014,11882,4175
75K370,2015,11112,2014
75K370,2016,10766,1892
75K370,2017,11384,1369
75K371,2013,37702,15434
75K371,2014,34032,15218
75K371,2015,32183,15852
75K371,2016,30908,15021
75K371,2017,30535,11931
75K373,2013,46124,12619
75K373,2014,51257,11836
75K373,2015,56758,12112
75K373,2016,54858,11862
75K373,2017,54685,11346
75K396,2013,181,27
75K721,2013,69408,15394
75K721,2014,72171,12621
75K721,2015,75488,12352
75K721,2016,74639,12647
75K721,2017,71001,11456
75K753,2013,25283,15513
75K753,2014,21972,17222
75K753,2015,22027,13128
75K753,2016,20003,13779
75K753,2017,22836,13980
75K771,2013,1633,435
75K771,2014,1506,347
75K771,2015,1930,271
75K771,2016,2865,623
75K771,2017,2912,550
75K811,2013,49247,10680
75K811,2014,45197,8092
75K811,2015,45804,7570
75K811,2016,43407,7305
75K811,2017,43151,8475
75M079,2013,35918,11130
75M079,2014,33592,9952
75M079,2015,33086,9941
75M079,2016,35379,10248
75M079,2017,33126,9492
75M094,2015,2038,314
75M094,2016,3589,527
75M094,2017,6844,903
75M138,2013,15392,4068
75M138,2014,18779,4160
75M138,2015,22327,4814
75M138,2016,24328,5190
75M138,2017,23753,5903
75M169,2013,2501,269
75M169,2014,3041,489
75M169,2015,2732,537
75M169,2016,1674,446
75M169,2017,1656,199
75M226,2013,12309,1883
75M226,2014,14641,2001
75M226,2015,14627,1620
75M226,2016,13871,1540
75M226,2017,15082,1940
75M721,2013,28567,6628
75M721,2014,27972,6038
75M721,2015,26420,5551
75M721,2016,24740,4477
75M721,2017,24185,4237
75M751,2013,27027,11236
75M751,2014,24269,12399
75M751,2015,25231,10289
75M751,2016,22305,9031
75M751,2017,19736,8109
75M811,2013,50,29
75M811,2014,0,29
75M811,2015,1,39
75M811,2016,0,7
75Q009,2014,163,22
75Q009,2015,169,99
75Q009,2016,300,62
75Q009,2017,331,32
75Q075,2013,2306,347
75Q075,2014,0,24
75Q075,2015,19,25
75Q075,2016,36,28
75Q177,2013,47491,5633
75Q177,2014,50022,6362
75Q177,2015,47148,5528
75Q177,2016,46375,4935
75Q177,2017,50067,5771
75Q233,2013,41127,7542
75Q233,2014,45581,7479
75Q233,2015,49284,7327
75Q233,2016,48287,7189
75Q233,2017,46577,7619
75Q255,2013,2756,270
75Q255,2014,5204,478
75Q255,2015,3115,225
75Q255,2016,2667,181
75Q255,2017,2500,156
75Q277,2014,2664,248
75Q277,2015,3793,342
75Q277,2016,4997,475
75Q277,2017,6419,798
75Q721,2013,72347,12504
75Q721,2014,73111,12580
75Q721,2015,74691,13374
75Q721,2016,73418,12877
75Q721,2017,71635,11699
75Q752,2013,48226,19103
75Q752,2014,45211,18765
75Q752,2015,48278,17804
75Q752,2016,46174,17229
75Q752,2017,47090,15906
75Q811,2013,39601,4984
75Q811,2014,39458,5012
75Q811,2015,38629,5510
75Q811,2016,37313,4964
75Q811,2017,36944,4518
75Q993,2013,12811,2060
75Q993,2014,15594,2210
75Q993,2015,19716,2655
75Q993,2016,23737,2808
75Q993,2017,26355,2975
75R025,2013,33986,14120
75R025,2014,34777,14001
75R025,2015,34735,14454
75R025,2016,32843,15719
75R025,2017,32056,13615
75R037,2013,9718,993
75R037,2014,12733,1295
75R037,2015,12368,1469
75R037,2016,12214,1103
75R037,2017,10533,995
75R373,2014,47,0
75R373,2016,172,6
75R721,2013,39765,5560
75R721,2014,44792,6655
75R721,2015,46786,5595
75R721,2016,49421,5742
75R721,2017,54880,7399
75X010,2013,1101,191
75X010,2014,881,138
75X010,2015,1245,173
75X010,2016,1268,151
75X010,2017,948,120
75X012,2013,16170,10168
75X012,2014,17853,5129
75X012,2015,22224,4603
75X012,2016,28275,4483
75X012,2017,32818,5326
75X017,2015,0,5
75X017,2016,1,14
75X017,2017,1029,203
75X168,2013,1606,534
75X168,2014,2327,635
75X168,2015,2484,500
75X168,2016,2400,395
75X168,2017,2017,589
75X176,2013,29609,3399
75X176,2014,33628,3764
75X176,2015,36277,3544
75X176,2016,39755,3669
75X176,2017,44057,4553
75X186,2013,1338,329
75X186,2014,1040,417
75X186,2015,1475,317
75X186,2016,812,196
75X186,2017,1275,219
75X188,2013,13362,3066
75X188,2014,14163,3208
75X188,2015,13943,2758
75X188,2016,15013,2707
75X188,2017,14296,2230
75X352,2014,0,8
75X352,2016,0,2
75X721,2013,72265,16069
75X721,2014,80396,15631
75X721,2015,82443,15406
75X721,2016,83491,15216
75X721,2017,81386,13985
75X754,2013,65013,37561
75X754,2014,63900,35251
75X754,2015,57216,36989
75X754,2016,50335,32184
75X754,2017,49741,34740
75X811,2013,85574,20426
75X811,2014,90185,18278
75X811,2015,94316,17270
75X811,2016,94040,16971
75X811,2017,90619,18180
79Q344,2013,106278,46668
79Q344,2014,81146,37350
79Q344,2015,53448,41637
79Q344,2016,40761,48701
79Q344,2017,34041,31509
79X695,2013,40979,11246
79X695,2014,41373,19120
79X695,2015,33983,15312
79X695,2016,29434,5752
79X695,2017,26138,7265
